ref_id,asset,stock_name,strike_price,option_type,expiry,exchange,lot_size,tick_size
1197444,ADANIENT,ADANIENT26FEB880CE,88000,CE,20260224,NSE,309,5
1197445,ADANIENT,ADANIENT26FEB880PE,88000,PE,20260224,NSE,309,5
1197446,ADANIENT,ADANIENT26FEB920CE,92000,CE,20260224,NSE,309,5
1197447,ADANIENT,ADANIENT26FEB920PE,92000,PE,20260224,NSE,309,5
1192881,ADANIENT,ADANIENT26FEB960CE,96000,CE,20260224,NSE,309,5
1192882,ADANIENT,ADANIENT26FEB960PE,96000,PE,20260224,NSE,309,5
1192883,ADANIENT,ADANIENT26FEB1000CE,100000,CE,20260224,NSE,309,5
1192884,ADANIENT,ADANIENT26FEB1000PE,100000,PE,20260224,NSE,309,5
1191419,ADANIENT,ADANIENT26FEB1040CE,104000,CE,20260224,NSE,309,5
1191420,ADANIENT,ADANIENT26FEB1040PE,104000,PE,20260224,NSE,309,5
1185693,ADANIENT,ADANIENT26FEB1080CE,108000,CE,20260224,NSE,309,5
1185694,ADANIENT,ADANIENT26FEB1080PE,108000,PE,20260224,NSE,309,5
1136048,ADANIENT,ADANIENT26FEB1120CE,112000,CE,20260224,NSE,309,5
1136049,ADANIENT,ADANIENT26FEB1120PE,112000,PE,20260224,NSE,309,5
1136050,ADANIENT,ADANIENT26FEB1160CE,116000,CE,20260224,NSE,309,5
1136051,ADANIENT,ADANIENT26FEB1160PE,116000,PE,20260224,NSE,309,5
1107742,ADANIENT,ADANIENT26FEB1200CE,120000,CE,20260224,NSE,309,5
1107743,ADANIENT,ADANIENT26FEB1200PE,120000,PE,20260224,NSE,309,5
1136052,ADANIENT,ADANIENT26FEB1240CE,124000,CE,20260224,NSE,309,5
1136053,ADANIENT,ADANIENT26FEB1240PE,124000,PE,20260224,NSE,309,5
1098122,ADANIENT,ADANIENT26FEB1280CE,128000,CE,20260224,NSE,309,5
1098123,ADANIENT,ADANIENT26FEB1280PE,128000,PE,20260224,NSE,309,5
1197452,ADANIENT,ADANIENT26FEB1300CE,130000,CE,20260224,NSE,309,5
1197453,ADANIENT,ADANIENT26FEB1300PE,130000,PE,20260224,NSE,309,5
1136054,ADANIENT,ADANIENT26FEB1320CE,132000,CE,20260224,NSE,309,5
1136055,ADANIENT,ADANIENT26FEB1320PE,132000,PE,20260224,NSE,309,5
1197454,ADANIENT,ADANIENT26FEB1340CE,134000,CE,20260224,NSE,309,5
1197455,ADANIENT,ADANIENT26FEB1340PE,134000,PE,20260224,NSE,309,5
1069663,ADANIENT,ADANIENT26FEB1360CE,136000,CE,20260224,NSE,309,5
1069664,ADANIENT,ADANIENT26FEB1360PE,136000,PE,20260224,NSE,309,5
1195246,ADANIENT,ADANIENT26FEB1380CE,138000,CE,20260224,NSE,309,5
1195247,ADANIENT,ADANIENT26FEB1380PE,138000,PE,20260224,NSE,309,5
1136056,ADANIENT,ADANIENT26FEB1400CE,140000,CE,20260224,NSE,309,5
1136057,ADANIENT,ADANIENT26FEB1400PE,140000,PE,20260224,NSE,309,5
1192885,ADANIENT,ADANIENT26FEB1420CE,142000,CE,20260224,NSE,309,5
1192886,ADANIENT,ADANIENT26FEB1420PE,142000,PE,20260224,NSE,309,5
1069665,ADANIENT,ADANIENT26FEB1440CE,144000,CE,20260224,NSE,309,5
1069666,ADANIENT,ADANIENT26FEB1440PE,144000,PE,20260224,NSE,309,5
1192887,ADANIENT,ADANIENT26FEB1460CE,146000,CE,20260224,NSE,309,5
1192888,ADANIENT,ADANIENT26FEB1460PE,146000,PE,20260224,NSE,309,5
1107744,ADANIENT,ADANIENT26FEB1480CE,148000,CE,20260224,NSE,309,5
1107745,ADANIENT,ADANIENT26FEB1480PE,148000,PE,20260224,NSE,309,5
1185695,ADANIENT,ADANIENT26FEB1500CE,150000,CE,20260224,NSE,309,5
1185696,ADANIENT,ADANIENT26FEB1500PE,150000,PE,20260224,NSE,309,5
1069667,ADANIENT,ADANIENT26FEB1520CE,152000,CE,20260224,NSE,309,5
1069668,ADANIENT,ADANIENT26FEB1520PE,152000,PE,20260224,NSE,309,5
1185697,ADANIENT,ADANIENT26FEB1540CE,154000,CE,20260224,NSE,309,5
1185698,ADANIENT,ADANIENT26FEB1540PE,154000,PE,20260224,NSE,309,5
1098124,ADANIENT,ADANIENT26FEB1560CE,156000,CE,20260224,NSE,309,5
1098125,ADANIENT,ADANIENT26FEB1560PE,156000,PE,20260224,NSE,309,5
1136058,ADANIENT,ADANIENT26FEB1580CE,158000,CE,20260224,NSE,309,5
1136059,ADANIENT,ADANIENT26FEB1580PE,158000,PE,20260224,NSE,309,5
1069669,ADANIENT,ADANIENT26FEB1600CE,160000,CE,20260224,NSE,309,5
1069670,ADANIENT,ADANIENT26FEB1600PE,160000,PE,20260224,NSE,309,5
1136060,ADANIENT,ADANIENT26FEB1620CE,162000,CE,20260224,NSE,309,5
1136061,ADANIENT,ADANIENT26FEB1620PE,162000,PE,20260224,NSE,309,5
1069671,ADANIENT,ADANIENT26FEB1640CE,164000,CE,20260224,NSE,309,5
1069672,ADANIENT,ADANIENT26FEB1640PE,164000,PE,20260224,NSE,309,5
1136062,ADANIENT,ADANIENT26FEB1660CE,166000,CE,20260224,NSE,309,5
1136063,ADANIENT,ADANIENT26FEB1660PE,166000,PE,20260224,NSE,309,5
1069673,ADANIENT,ADANIENT26FEB1680CE,168000,CE,20260224,NSE,309,5
1069674,ADANIENT,ADANIENT26FEB1680PE,168000,PE,20260224,NSE,309,5
1136064,ADANIENT,ADANIENT26FEB1700CE,170000,CE,20260224,NSE,309,5
1136065,ADANIENT,ADANIENT26FEB1700PE,170000,PE,20260224,NSE,309,5
1069675,ADANIENT,ADANIENT26FEB1720CE,172000,CE,20260224,NSE,309,5
1069676,ADANIENT,ADANIENT26FEB1720PE,172000,PE,20260224,NSE,309,5
1136066,ADANIENT,ADANIENT26FEB1740CE,174000,CE,20260224,NSE,309,5
1136067,ADANIENT,ADANIENT26FEB1740PE,174000,PE,20260224,NSE,309,5
1069677,ADANIENT,ADANIENT26FEB1760CE,176000,CE,20260224,NSE,309,5
1069678,ADANIENT,ADANIENT26FEB1760PE,176000,PE,20260224,NSE,309,5
1136068,ADANIENT,ADANIENT26FEB1780CE,178000,CE,20260224,NSE,309,5
1136069,ADANIENT,ADANIENT26FEB1780PE,178000,PE,20260224,NSE,309,5
1069679,ADANIENT,ADANIENT26FEB1800CE,180000,CE,20260224,NSE,309,5
1069680,ADANIENT,ADANIENT26FEB1800PE,180000,PE,20260224,NSE,309,5
1136070,ADANIENT,ADANIENT26FEB1820CE,182000,CE,20260224,NSE,309,5
1136071,ADANIENT,ADANIENT26FEB1820PE,182000,PE,20260224,NSE,309,5
1069681,ADANIENT,ADANIENT26FEB1840CE,184000,CE,20260224,NSE,309,5
1069682,ADANIENT,ADANIENT26FEB1840PE,184000,PE,20260224,NSE,309,5
1136072,ADANIENT,ADANIENT26FEB1860CE,186000,CE,20260224,NSE,309,5
1136073,ADANIENT,ADANIENT26FEB1860PE,186000,PE,20260224,NSE,309,5
1069683,ADANIENT,ADANIENT26FEB1880CE,188000,CE,20260224,NSE,309,5
1069684,ADANIENT,ADANIENT26FEB1880PE,188000,PE,20260224,NSE,309,5
1136074,ADANIENT,ADANIENT26FEB1900CE,190000,CE,20260224,NSE,309,5
1136075,ADANIENT,ADANIENT26FEB1900PE,190000,PE,20260224,NSE,309,5
1069685,ADANIENT,ADANIENT26FEB1920CE,192000,CE,20260224,NSE,309,5
1069686,ADANIENT,ADANIENT26FEB1920PE,192000,PE,20260224,NSE,309,5
1136076,ADANIENT,ADANIENT26FEB1940CE,194000,CE,20260224,NSE,309,5
1136077,ADANIENT,ADANIENT26FEB1940PE,194000,PE,20260224,NSE,309,5
1069687,ADANIENT,ADANIENT26FEB1960CE,196000,CE,20260224,NSE,309,5
1069688,ADANIENT,ADANIENT26FEB1960PE,196000,PE,20260224,NSE,309,5
1136078,ADANIENT,ADANIENT26FEB1980CE,198000,CE,20260224,NSE,309,5
1136079,ADANIENT,ADANIENT26FEB1980PE,198000,PE,20260224,NSE,309,5
1069689,ADANIENT,ADANIENT26FEB2000CE,200000,CE,20260224,NSE,309,5
1069690,ADANIENT,ADANIENT26FEB2000PE,200000,PE,20260224,NSE,309,5
1136080,ADANIENT,ADANIENT26FEB2020CE,202000,CE,20260224,NSE,309,5
1136081,ADANIENT,ADANIENT26FEB2020PE,202000,PE,20260224,NSE,309,5
1069691,ADANIENT,ADANIENT26FEB2040CE,204000,CE,20260224,NSE,309,5
1069692,ADANIENT,ADANIENT26FEB2040PE,204000,PE,20260224,NSE,309,5
1136082,ADANIENT,ADANIENT26FEB2060CE,206000,CE,20260224,NSE,309,5
1136083,ADANIENT,ADANIENT26FEB2060PE,206000,PE,20260224,NSE,309,5
1069693,ADANIENT,ADANIENT26FEB2080CE,208000,CE,20260224,NSE,309,5
1069694,ADANIENT,ADANIENT26FEB2080PE,208000,PE,20260224,NSE,309,5
1136084,ADANIENT,ADANIENT26FEB2100CE,210000,CE,20260224,NSE,309,5
1136085,ADANIENT,ADANIENT26FEB2100PE,210000,PE,20260224,NSE,309,5
1069695,ADANIENT,ADANIENT26FEB2120CE,212000,CE,20260224,NSE,309,5
1069696,ADANIENT,ADANIENT26FEB2120PE,212000,PE,20260224,NSE,309,5
1136086,ADANIENT,ADANIENT26FEB2140CE,214000,CE,20260224,NSE,309,5
1136087,ADANIENT,ADANIENT26FEB2140PE,214000,PE,20260224,NSE,309,5
1069697,ADANIENT,ADANIENT26FEB2160CE,216000,CE,20260224,NSE,309,5
1069698,ADANIENT,ADANIENT26FEB2160PE,216000,PE,20260224,NSE,309,5
1136088,ADANIENT,ADANIENT26FEB2180CE,218000,CE,20260224,NSE,309,5
1136089,ADANIENT,ADANIENT26FEB2180PE,218000,PE,20260224,NSE,309,5
1069699,ADANIENT,ADANIENT26FEB2200CE,220000,CE,20260224,NSE,309,5
1069700,ADANIENT,ADANIENT26FEB2200PE,220000,PE,20260224,NSE,309,5
1136090,ADANIENT,ADANIENT26FEB2220CE,222000,CE,20260224,NSE,309,5
1136091,ADANIENT,ADANIENT26FEB2220PE,222000,PE,20260224,NSE,309,5
1069701,ADANIENT,ADANIENT26FEB2240CE,224000,CE,20260224,NSE,309,5
1069702,ADANIENT,ADANIENT26FEB2240PE,224000,PE,20260224,NSE,309,5
1136092,ADANIENT,ADANIENT26FEB2260CE,226000,CE,20260224,NSE,309,5
1136093,ADANIENT,ADANIENT26FEB2260PE,226000,PE,20260224,NSE,309,5
1069703,ADANIENT,ADANIENT26FEB2280CE,228000,CE,20260224,NSE,309,5
1069704,ADANIENT,ADANIENT26FEB2280PE,228000,PE,20260224,NSE,309,5
1136094,ADANIENT,ADANIENT26FEB2300CE,230000,CE,20260224,NSE,309,5
1136095,ADANIENT,ADANIENT26FEB2300PE,230000,PE,20260224,NSE,309,5
1069705,ADANIENT,ADANIENT26FEB2320CE,232000,CE,20260224,NSE,309,5
1069706,ADANIENT,ADANIENT26FEB2320PE,232000,PE,20260224,NSE,309,5
1136096,ADANIENT,ADANIENT26FEB2340CE,234000,CE,20260224,NSE,309,5
1136097,ADANIENT,ADANIENT26FEB2340PE,234000,PE,20260224,NSE,309,5
1069707,ADANIENT,ADANIENT26FEB2360CE,236000,CE,20260224,NSE,309,5
1069708,ADANIENT,ADANIENT26FEB2360PE,236000,PE,20260224,NSE,309,5
1136098,ADANIENT,ADANIENT26FEB2380CE,238000,CE,20260224,NSE,309,5
1136099,ADANIENT,ADANIENT26FEB2380PE,238000,PE,20260224,NSE,309,5
1069709,ADANIENT,ADANIENT26FEB2400CE,240000,CE,20260224,NSE,309,5
1069710,ADANIENT,ADANIENT26FEB2400PE,240000,PE,20260224,NSE,309,5
1136100,ADANIENT,ADANIENT26FEB2420CE,242000,CE,20260224,NSE,309,5
1136101,ADANIENT,ADANIENT26FEB2420PE,242000,PE,20260224,NSE,309,5
1069711,ADANIENT,ADANIENT26FEB2440CE,244000,CE,20260224,NSE,309,5
1069712,ADANIENT,ADANIENT26FEB2440PE,244000,PE,20260224,NSE,309,5
1136102,ADANIENT,ADANIENT26FEB2460CE,246000,CE,20260224,NSE,309,5
1136103,ADANIENT,ADANIENT26FEB2460PE,246000,PE,20260224,NSE,309,5
1069713,ADANIENT,ADANIENT26FEB2480CE,248000,CE,20260224,NSE,309,5
1069714,ADANIENT,ADANIENT26FEB2480PE,248000,PE,20260224,NSE,309,5
1136104,ADANIENT,ADANIENT26FEB2500CE,250000,CE,20260224,NSE,309,5
1136105,ADANIENT,ADANIENT26FEB2500PE,250000,PE,20260224,NSE,309,5
1069715,ADANIENT,ADANIENT26FEB2520CE,252000,CE,20260224,NSE,309,5
1069716,ADANIENT,ADANIENT26FEB2520PE,252000,PE,20260224,NSE,309,5
1136106,ADANIENT,ADANIENT26FEB2540CE,254000,CE,20260224,NSE,309,5
1136107,ADANIENT,ADANIENT26FEB2540PE,254000,PE,20260224,NSE,309,5
1069717,ADANIENT,ADANIENT26FEB2560CE,256000,CE,20260224,NSE,309,5
1069718,ADANIENT,ADANIENT26FEB2560PE,256000,PE,20260224,NSE,309,5
1136108,ADANIENT,ADANIENT26FEB2580CE,258000,CE,20260224,NSE,309,5
1136109,ADANIENT,ADANIENT26FEB2580PE,258000,PE,20260224,NSE,309,5
1069719,ADANIENT,ADANIENT26FEB2600CE,260000,CE,20260224,NSE,309,5
1069720,ADANIENT,ADANIENT26FEB2600PE,260000,PE,20260224,NSE,309,5
1136110,ADANIENT,ADANIENT26FEB2620CE,262000,CE,20260224,NSE,309,5
1136111,ADANIENT,ADANIENT26FEB2620PE,262000,PE,20260224,NSE,309,5
1069721,ADANIENT,ADANIENT26FEB2640CE,264000,CE,20260224,NSE,309,5
1069722,ADANIENT,ADANIENT26FEB2640PE,264000,PE,20260224,NSE,309,5
1136112,ADANIENT,ADANIENT26FEB2660CE,266000,CE,20260224,NSE,309,5
1136113,ADANIENT,ADANIENT26FEB2660PE,266000,PE,20260224,NSE,309,5
1069723,ADANIENT,ADANIENT26FEB2680CE,268000,CE,20260224,NSE,309,5
1069724,ADANIENT,ADANIENT26FEB2680PE,268000,PE,20260224,NSE,309,5
1136114,ADANIENT,ADANIENT26FEB2700CE,270000,CE,20260224,NSE,309,5
1136115,ADANIENT,ADANIENT26FEB2700PE,270000,PE,20260224,NSE,309,5
1069725,ADANIENT,ADANIENT26FEB2720CE,272000,CE,20260224,NSE,309,5
1069726,ADANIENT,ADANIENT26FEB2720PE,272000,PE,20260224,NSE,309,5
1136116,ADANIENT,ADANIENT26FEB2740CE,274000,CE,20260224,NSE,309,5
1136117,ADANIENT,ADANIENT26FEB2740PE,274000,PE,20260224,NSE,309,5
1069727,ADANIENT,ADANIENT26FEB2760CE,276000,CE,20260224,NSE,309,5
1069728,ADANIENT,ADANIENT26FEB2760PE,276000,PE,20260224,NSE,309,5
1136118,ADANIENT,ADANIENT26FEB2780CE,278000,CE,20260224,NSE,309,5
1136119,ADANIENT,ADANIENT26FEB2780PE,278000,PE,20260224,NSE,309,5
1069729,ADANIENT,ADANIENT26FEB2800CE,280000,CE,20260224,NSE,309,5
1069730,ADANIENT,ADANIENT26FEB2800PE,280000,PE,20260224,NSE,309,5
1136120,ADANIENT,ADANIENT26FEB2820CE,282000,CE,20260224,NSE,309,5
1136121,ADANIENT,ADANIENT26FEB2820PE,282000,PE,20260224,NSE,309,5
1069731,ADANIENT,ADANIENT26FEB2840CE,284000,CE,20260224,NSE,309,5
1069732,ADANIENT,ADANIENT26FEB2840PE,284000,PE,20260224,NSE,309,5
1136122,ADANIENT,ADANIENT26FEB2860CE,286000,CE,20260224,NSE,309,5
1136123,ADANIENT,ADANIENT26FEB2860PE,286000,PE,20260224,NSE,309,5
1069733,ADANIENT,ADANIENT26FEB2880CE,288000,CE,20260224,NSE,309,5
1069734,ADANIENT,ADANIENT26FEB2880PE,288000,PE,20260224,NSE,309,5
1069735,ADANIENT,ADANIENT26FEB2920CE,292000,CE,20260224,NSE,309,5
1069736,ADANIENT,ADANIENT26FEB2920PE,292000,PE,20260224,NSE,309,5
1069737,ADANIENT,ADANIENT26FEB2960CE,296000,CE,20260224,NSE,309,5
1069738,ADANIENT,ADANIENT26FEB2960PE,296000,PE,20260224,NSE,309,5
1069739,ADANIENT,ADANIENT26FEB3000CE,300000,CE,20260224,NSE,309,5
1069740,ADANIENT,ADANIENT26FEB3000PE,300000,PE,20260224,NSE,309,5
1069741,ADANIENT,ADANIENT26FEB3040CE,304000,CE,20260224,NSE,309,5
1069742,ADANIENT,ADANIENT26FEB3040PE,304000,PE,20260224,NSE,309,5
1136124,ADANIENT,ADANIENT26FEB3080CE,308000,CE,20260224,NSE,309,5
1136125,ADANIENT,ADANIENT26FEB3080PE,308000,PE,20260224,NSE,309,5
1069743,ADANIENT,ADANIENT26FEB3120CE,312000,CE,20260224,NSE,309,5
1069744,ADANIENT,ADANIENT26FEB3120PE,312000,PE,20260224,NSE,309,5
1136126,ADANIENT,ADANIENT26FEB3160CE,316000,CE,20260224,NSE,309,5
1136127,ADANIENT,ADANIENT26FEB3160PE,316000,PE,20260224,NSE,309,5
1069745,ADANIENT,ADANIENT26FEB3200CE,320000,CE,20260224,NSE,309,5
1069746,ADANIENT,ADANIENT26FEB3200PE,320000,PE,20260224,NSE,309,5
1136128,ADANIENT,ADANIENT26FEB3240CE,324000,CE,20260224,NSE,309,5
1136129,ADANIENT,ADANIENT26FEB3240PE,324000,PE,20260224,NSE,309,5
1069747,ADANIENT,ADANIENT26FEB3280CE,328000,CE,20260224,NSE,309,5
1069748,ADANIENT,ADANIENT26FEB3280PE,328000,PE,20260224,NSE,309,5
1197486,ADANIGREEN,ADANIGREEN26FEB320CE,32000,CE,20260224,NSE,600,5
1197487,ADANIGREEN,ADANIGREEN26FEB320PE,32000,PE,20260224,NSE,600,5
1197488,ADANIGREEN,ADANIGREEN26FEB340CE,34000,CE,20260224,NSE,600,5
1197489,ADANIGREEN,ADANIGREEN26FEB340PE,34000,PE,20260224,NSE,600,5
1197490,ADANIGREEN,ADANIGREEN26FEB360CE,36000,CE,20260224,NSE,600,5
1197491,ADANIGREEN,ADANIGREEN26FEB360PE,36000,PE,20260224,NSE,600,5
1197492,ADANIGREEN,ADANIGREEN26FEB380CE,38000,CE,20260224,NSE,600,5
1197493,ADANIGREEN,ADANIGREEN26FEB380PE,38000,PE,20260224,NSE,600,5
1192901,ADANIGREEN,ADANIGREEN26FEB400CE,40000,CE,20260224,NSE,600,5
1192902,ADANIGREEN,ADANIGREEN26FEB400PE,40000,PE,20260224,NSE,600,5
1192903,ADANIGREEN,ADANIGREEN26FEB420CE,42000,CE,20260224,NSE,600,5
1192904,ADANIGREEN,ADANIGREEN26FEB420PE,42000,PE,20260224,NSE,600,5
1191427,ADANIGREEN,ADANIGREEN26FEB440CE,44000,CE,20260224,NSE,600,5
1191428,ADANIGREEN,ADANIGREEN26FEB440PE,44000,PE,20260224,NSE,600,5
1185709,ADANIGREEN,ADANIGREEN26FEB460CE,46000,CE,20260224,NSE,600,5
1185710,ADANIGREEN,ADANIGREEN26FEB460PE,46000,PE,20260224,NSE,600,5
1113792,ADANIGREEN,ADANIGREEN26FEB480CE,48000,CE,20260224,NSE,600,5
1113793,ADANIGREEN,ADANIGREEN26FEB480PE,48000,PE,20260224,NSE,600,5
1197498,ADANIGREEN,ADANIGREEN26FEB490CE,49000,CE,20260224,NSE,600,5
1197499,ADANIGREEN,ADANIGREEN26FEB490PE,49000,PE,20260224,NSE,600,5
1185249,ADANIGREEN,ADANIGREEN26FEB500CE,50000,CE,20260224,NSE,600,5
1185250,ADANIGREEN,ADANIGREEN26FEB500PE,50000,PE,20260224,NSE,600,5
1197500,ADANIGREEN,ADANIGREEN26FEB510CE,51000,CE,20260224,NSE,600,5
1197501,ADANIGREEN,ADANIGREEN26FEB510PE,51000,PE,20260224,NSE,600,5
1136299,ADANIGREEN,ADANIGREEN26FEB520CE,52000,CE,20260224,NSE,600,5
1136300,ADANIGREEN,ADANIGREEN26FEB520PE,52000,PE,20260224,NSE,600,5
1197502,ADANIGREEN,ADANIGREEN26FEB530CE,53000,CE,20260224,NSE,600,5
1197503,ADANIGREEN,ADANIGREEN26FEB530PE,53000,PE,20260224,NSE,600,5
1136301,ADANIGREEN,ADANIGREEN26FEB540CE,54000,CE,20260224,NSE,600,5
1136302,ADANIGREEN,ADANIGREEN26FEB540PE,54000,PE,20260224,NSE,600,5
1192905,ADANIGREEN,ADANIGREEN26FEB550CE,55000,CE,20260224,NSE,600,5
1192906,ADANIGREEN,ADANIGREEN26FEB550PE,55000,PE,20260224,NSE,600,5
1069784,ADANIGREEN,ADANIGREEN26FEB560CE,56000,CE,20260224,NSE,600,5
1069785,ADANIGREEN,ADANIGREEN26FEB560PE,56000,PE,20260224,NSE,600,5
1192907,ADANIGREEN,ADANIGREEN26FEB570CE,57000,CE,20260224,NSE,600,5
1192908,ADANIGREEN,ADANIGREEN26FEB570PE,57000,PE,20260224,NSE,600,5
1136303,ADANIGREEN,ADANIGREEN26FEB580CE,58000,CE,20260224,NSE,600,5
1136304,ADANIGREEN,ADANIGREEN26FEB580PE,58000,PE,20260224,NSE,600,5
1191429,ADANIGREEN,ADANIGREEN26FEB590CE,59000,CE,20260224,NSE,600,5
1191430,ADANIGREEN,ADANIGREEN26FEB590PE,59000,PE,20260224,NSE,600,5
1136305,ADANIGREEN,ADANIGREEN26FEB600CE,60000,CE,20260224,NSE,600,5
1136306,ADANIGREEN,ADANIGREEN26FEB600PE,60000,PE,20260224,NSE,600,5
1186471,ADANIGREEN,ADANIGREEN26FEB610CE,61000,CE,20260224,NSE,600,5
1186472,ADANIGREEN,ADANIGREEN26FEB610PE,61000,PE,20260224,NSE,600,5
1136307,ADANIGREEN,ADANIGREEN26FEB620CE,62000,CE,20260224,NSE,600,5
1136308,ADANIGREEN,ADANIGREEN26FEB620PE,62000,PE,20260224,NSE,600,5
1185711,ADANIGREEN,ADANIGREEN26FEB630CE,63000,CE,20260224,NSE,600,5
1185712,ADANIGREEN,ADANIGREEN26FEB630PE,63000,PE,20260224,NSE,600,5
1069786,ADANIGREEN,ADANIGREEN26FEB640CE,64000,CE,20260224,NSE,600,5
1069787,ADANIGREEN,ADANIGREEN26FEB640PE,64000,PE,20260224,NSE,600,5
1185713,ADANIGREEN,ADANIGREEN26FEB650CE,65000,CE,20260224,NSE,600,5
1185714,ADANIGREEN,ADANIGREEN26FEB650PE,65000,PE,20260224,NSE,600,5
1136309,ADANIGREEN,ADANIGREEN26FEB660CE,66000,CE,20260224,NSE,600,5
1136310,ADANIGREEN,ADANIGREEN26FEB660PE,66000,PE,20260224,NSE,600,5
1185251,ADANIGREEN,ADANIGREEN26FEB670CE,67000,CE,20260224,NSE,600,5
1185252,ADANIGREEN,ADANIGREEN26FEB670PE,67000,PE,20260224,NSE,600,5
1069788,ADANIGREEN,ADANIGREEN26FEB680CE,68000,CE,20260224,NSE,600,5
1069789,ADANIGREEN,ADANIGREEN26FEB680PE,68000,PE,20260224,NSE,600,5
1136311,ADANIGREEN,ADANIGREEN26FEB690CE,69000,CE,20260224,NSE,600,5
1136312,ADANIGREEN,ADANIGREEN26FEB690PE,69000,PE,20260224,NSE,600,5
1136313,ADANIGREEN,ADANIGREEN26FEB700CE,70000,CE,20260224,NSE,600,5
1136314,ADANIGREEN,ADANIGREEN26FEB700PE,70000,PE,20260224,NSE,600,5
1136315,ADANIGREEN,ADANIGREEN26FEB710CE,71000,CE,20260224,NSE,600,5
1136316,ADANIGREEN,ADANIGREEN26FEB710PE,71000,PE,20260224,NSE,600,5
1069790,ADANIGREEN,ADANIGREEN26FEB720CE,72000,CE,20260224,NSE,600,5
1069791,ADANIGREEN,ADANIGREEN26FEB720PE,72000,PE,20260224,NSE,600,5
1136317,ADANIGREEN,ADANIGREEN26FEB730CE,73000,CE,20260224,NSE,600,5
1136318,ADANIGREEN,ADANIGREEN26FEB730PE,73000,PE,20260224,NSE,600,5
1136319,ADANIGREEN,ADANIGREEN26FEB740CE,74000,CE,20260224,NSE,600,5
1136320,ADANIGREEN,ADANIGREEN26FEB740PE,74000,PE,20260224,NSE,600,5
1136321,ADANIGREEN,ADANIGREEN26FEB750CE,75000,CE,20260224,NSE,600,5
1136322,ADANIGREEN,ADANIGREEN26FEB750PE,75000,PE,20260224,NSE,600,5
1069792,ADANIGREEN,ADANIGREEN26FEB760CE,76000,CE,20260224,NSE,600,5
1069793,ADANIGREEN,ADANIGREEN26FEB760PE,76000,PE,20260224,NSE,600,5
1136323,ADANIGREEN,ADANIGREEN26FEB770CE,77000,CE,20260224,NSE,600,5
1136324,ADANIGREEN,ADANIGREEN26FEB770PE,77000,PE,20260224,NSE,600,5
1136325,ADANIGREEN,ADANIGREEN26FEB780CE,78000,CE,20260224,NSE,600,5
1136326,ADANIGREEN,ADANIGREEN26FEB780PE,78000,PE,20260224,NSE,600,5
1136327,ADANIGREEN,ADANIGREEN26FEB790CE,79000,CE,20260224,NSE,600,5
1136328,ADANIGREEN,ADANIGREEN26FEB790PE,79000,PE,20260224,NSE,600,5
1069794,ADANIGREEN,ADANIGREEN26FEB800CE,80000,CE,20260224,NSE,600,5
1069795,ADANIGREEN,ADANIGREEN26FEB800PE,80000,PE,20260224,NSE,600,5
1136329,ADANIGREEN,ADANIGREEN26FEB810CE,81000,CE,20260224,NSE,600,5
1136330,ADANIGREEN,ADANIGREEN26FEB810PE,81000,PE,20260224,NSE,600,5
1136331,ADANIGREEN,ADANIGREEN26FEB820CE,82000,CE,20260224,NSE,600,5
1136332,ADANIGREEN,ADANIGREEN26FEB820PE,82000,PE,20260224,NSE,600,5
1136333,ADANIGREEN,ADANIGREEN26FEB830CE,83000,CE,20260224,NSE,600,5
1136334,ADANIGREEN,ADANIGREEN26FEB830PE,83000,PE,20260224,NSE,600,5
1069796,ADANIGREEN,ADANIGREEN26FEB840CE,84000,CE,20260224,NSE,600,5
1069797,ADANIGREEN,ADANIGREEN26FEB840PE,84000,PE,20260224,NSE,600,5
1136335,ADANIGREEN,ADANIGREEN26FEB850CE,85000,CE,20260224,NSE,600,5
1136336,ADANIGREEN,ADANIGREEN26FEB850PE,85000,PE,20260224,NSE,600,5
1136337,ADANIGREEN,ADANIGREEN26FEB860CE,86000,CE,20260224,NSE,600,5
1136338,ADANIGREEN,ADANIGREEN26FEB860PE,86000,PE,20260224,NSE,600,5
1136339,ADANIGREEN,ADANIGREEN26FEB870CE,87000,CE,20260224,NSE,600,5
1136340,ADANIGREEN,ADANIGREEN26FEB870PE,87000,PE,20260224,NSE,600,5
1069798,ADANIGREEN,ADANIGREEN26FEB880CE,88000,CE,20260224,NSE,600,5
1069799,ADANIGREEN,ADANIGREEN26FEB880PE,88000,PE,20260224,NSE,600,5
1136341,ADANIGREEN,ADANIGREEN26FEB890CE,89000,CE,20260224,NSE,600,5
1136342,ADANIGREEN,ADANIGREEN26FEB890PE,89000,PE,20260224,NSE,600,5
1136343,ADANIGREEN,ADANIGREEN26FEB900CE,90000,CE,20260224,NSE,600,5
1136344,ADANIGREEN,ADANIGREEN26FEB900PE,90000,PE,20260224,NSE,600,5
1136345,ADANIGREEN,ADANIGREEN26FEB910CE,91000,CE,20260224,NSE,600,5
1136346,ADANIGREEN,ADANIGREEN26FEB910PE,91000,PE,20260224,NSE,600,5
1069800,ADANIGREEN,ADANIGREEN26FEB920CE,92000,CE,20260224,NSE,600,5
1069801,ADANIGREEN,ADANIGREEN26FEB920PE,92000,PE,20260224,NSE,600,5
1136347,ADANIGREEN,ADANIGREEN26FEB930CE,93000,CE,20260224,NSE,600,5
1136348,ADANIGREEN,ADANIGREEN26FEB930PE,93000,PE,20260224,NSE,600,5
1136349,ADANIGREEN,ADANIGREEN26FEB940CE,94000,CE,20260224,NSE,600,5
1136350,ADANIGREEN,ADANIGREEN26FEB940PE,94000,PE,20260224,NSE,600,5
1136351,ADANIGREEN,ADANIGREEN26FEB950CE,95000,CE,20260224,NSE,600,5
1136352,ADANIGREEN,ADANIGREEN26FEB950PE,95000,PE,20260224,NSE,600,5
1069802,ADANIGREEN,ADANIGREEN26FEB960CE,96000,CE,20260224,NSE,600,5
1069803,ADANIGREEN,ADANIGREEN26FEB960PE,96000,PE,20260224,NSE,600,5
1136353,ADANIGREEN,ADANIGREEN26FEB970CE,97000,CE,20260224,NSE,600,5
1136354,ADANIGREEN,ADANIGREEN26FEB970PE,97000,PE,20260224,NSE,600,5
1136355,ADANIGREEN,ADANIGREEN26FEB980CE,98000,CE,20260224,NSE,600,5
1136356,ADANIGREEN,ADANIGREEN26FEB980PE,98000,PE,20260224,NSE,600,5
1136357,ADANIGREEN,ADANIGREEN26FEB990CE,99000,CE,20260224,NSE,600,5
1136358,ADANIGREEN,ADANIGREEN26FEB990PE,99000,PE,20260224,NSE,600,5
1069804,ADANIGREEN,ADANIGREEN26FEB1000CE,100000,CE,20260224,NSE,600,5
1069805,ADANIGREEN,ADANIGREEN26FEB1000PE,100000,PE,20260224,NSE,600,5
1136359,ADANIGREEN,ADANIGREEN26FEB1010CE,101000,CE,20260224,NSE,600,5
1136360,ADANIGREEN,ADANIGREEN26FEB1010PE,101000,PE,20260224,NSE,600,5
1136361,ADANIGREEN,ADANIGREEN26FEB1020CE,102000,CE,20260224,NSE,600,5
1136362,ADANIGREEN,ADANIGREEN26FEB1020PE,102000,PE,20260224,NSE,600,5
1136363,ADANIGREEN,ADANIGREEN26FEB1030CE,103000,CE,20260224,NSE,600,5
1136364,ADANIGREEN,ADANIGREEN26FEB1030PE,103000,PE,20260224,NSE,600,5
1069806,ADANIGREEN,ADANIGREEN26FEB1040CE,104000,CE,20260224,NSE,600,5
1069807,ADANIGREEN,ADANIGREEN26FEB1040PE,104000,PE,20260224,NSE,600,5
1136365,ADANIGREEN,ADANIGREEN26FEB1050CE,105000,CE,20260224,NSE,600,5
1136366,ADANIGREEN,ADANIGREEN26FEB1050PE,105000,PE,20260224,NSE,600,5
1136367,ADANIGREEN,ADANIGREEN26FEB1060CE,106000,CE,20260224,NSE,600,5
1136368,ADANIGREEN,ADANIGREEN26FEB1060PE,106000,PE,20260224,NSE,600,5
1136369,ADANIGREEN,ADANIGREEN26FEB1070CE,107000,CE,20260224,NSE,600,5
1136370,ADANIGREEN,ADANIGREEN26FEB1070PE,107000,PE,20260224,NSE,600,5
1069808,ADANIGREEN,ADANIGREEN26FEB1080CE,108000,CE,20260224,NSE,600,5
1069809,ADANIGREEN,ADANIGREEN26FEB1080PE,108000,PE,20260224,NSE,600,5
1136371,ADANIGREEN,ADANIGREEN26FEB1090CE,109000,CE,20260224,NSE,600,5
1136372,ADANIGREEN,ADANIGREEN26FEB1090PE,109000,PE,20260224,NSE,600,5
1136373,ADANIGREEN,ADANIGREEN26FEB1100CE,110000,CE,20260224,NSE,600,5
1136374,ADANIGREEN,ADANIGREEN26FEB1100PE,110000,PE,20260224,NSE,600,5
1136375,ADANIGREEN,ADANIGREEN26FEB1110CE,111000,CE,20260224,NSE,600,5
1136376,ADANIGREEN,ADANIGREEN26FEB1110PE,111000,PE,20260224,NSE,600,5
1069810,ADANIGREEN,ADANIGREEN26FEB1120CE,112000,CE,20260224,NSE,600,5
1069811,ADANIGREEN,ADANIGREEN26FEB1120PE,112000,PE,20260224,NSE,600,5
1136377,ADANIGREEN,ADANIGREEN26FEB1130CE,113000,CE,20260224,NSE,600,5
1136378,ADANIGREEN,ADANIGREEN26FEB1130PE,113000,PE,20260224,NSE,600,5
1136379,ADANIGREEN,ADANIGREEN26FEB1140CE,114000,CE,20260224,NSE,600,5
1136380,ADANIGREEN,ADANIGREEN26FEB1140PE,114000,PE,20260224,NSE,600,5
1136381,ADANIGREEN,ADANIGREEN26FEB1150CE,115000,CE,20260224,NSE,600,5
1136382,ADANIGREEN,ADANIGREEN26FEB1150PE,115000,PE,20260224,NSE,600,5
1069812,ADANIGREEN,ADANIGREEN26FEB1160CE,116000,CE,20260224,NSE,600,5
1069813,ADANIGREEN,ADANIGREEN26FEB1160PE,116000,PE,20260224,NSE,600,5
1136383,ADANIGREEN,ADANIGREEN26FEB1170CE,117000,CE,20260224,NSE,600,5
1136384,ADANIGREEN,ADANIGREEN26FEB1170PE,117000,PE,20260224,NSE,600,5
1136385,ADANIGREEN,ADANIGREEN26FEB1180CE,118000,CE,20260224,NSE,600,5
1136386,ADANIGREEN,ADANIGREEN26FEB1180PE,118000,PE,20260224,NSE,600,5
1136387,ADANIGREEN,ADANIGREEN26FEB1190CE,119000,CE,20260224,NSE,600,5
1136388,ADANIGREEN,ADANIGREEN26FEB1190PE,119000,PE,20260224,NSE,600,5
1069814,ADANIGREEN,ADANIGREEN26FEB1200CE,120000,CE,20260224,NSE,600,5
1069815,ADANIGREEN,ADANIGREEN26FEB1200PE,120000,PE,20260224,NSE,600,5
1136389,ADANIGREEN,ADANIGREEN26FEB1210CE,121000,CE,20260224,NSE,600,5
1136390,ADANIGREEN,ADANIGREEN26FEB1210PE,121000,PE,20260224,NSE,600,5
1136391,ADANIGREEN,ADANIGREEN26FEB1220CE,122000,CE,20260224,NSE,600,5
1136392,ADANIGREEN,ADANIGREEN26FEB1220PE,122000,PE,20260224,NSE,600,5
1136393,ADANIGREEN,ADANIGREEN26FEB1230CE,123000,CE,20260224,NSE,600,5
1136394,ADANIGREEN,ADANIGREEN26FEB1230PE,123000,PE,20260224,NSE,600,5
1069816,ADANIGREEN,ADANIGREEN26FEB1240CE,124000,CE,20260224,NSE,600,5
1069817,ADANIGREEN,ADANIGREEN26FEB1240PE,124000,PE,20260224,NSE,600,5
1136395,ADANIGREEN,ADANIGREEN26FEB1250CE,125000,CE,20260224,NSE,600,5
1136396,ADANIGREEN,ADANIGREEN26FEB1250PE,125000,PE,20260224,NSE,600,5
1136397,ADANIGREEN,ADANIGREEN26FEB1260CE,126000,CE,20260224,NSE,600,5
1136398,ADANIGREEN,ADANIGREEN26FEB1260PE,126000,PE,20260224,NSE,600,5
1069818,ADANIGREEN,ADANIGREEN26FEB1280CE,128000,CE,20260224,NSE,600,5
1069819,ADANIGREEN,ADANIGREEN26FEB1280PE,128000,PE,20260224,NSE,600,5
1136403,ADANIGREEN,ADANIGREEN26FEB1300CE,130000,CE,20260224,NSE,600,5
1136404,ADANIGREEN,ADANIGREEN26FEB1300PE,130000,PE,20260224,NSE,600,5
1069820,ADANIGREEN,ADANIGREEN26FEB1320CE,132000,CE,20260224,NSE,600,5
1069821,ADANIGREEN,ADANIGREEN26FEB1320PE,132000,PE,20260224,NSE,600,5
1136409,ADANIGREEN,ADANIGREEN26FEB1340CE,134000,CE,20260224,NSE,600,5
1136410,ADANIGREEN,ADANIGREEN26FEB1340PE,134000,PE,20260224,NSE,600,5
1069822,ADANIGREEN,ADANIGREEN26FEB1360CE,136000,CE,20260224,NSE,600,5
1069823,ADANIGREEN,ADANIGREEN26FEB1360PE,136000,PE,20260224,NSE,600,5
1136411,ADANIGREEN,ADANIGREEN26FEB1380CE,138000,CE,20260224,NSE,600,5
1136412,ADANIGREEN,ADANIGREEN26FEB1380PE,138000,PE,20260224,NSE,600,5
1096706,ADANIGREEN,ADANIGREEN26FEB1400CE,140000,CE,20260224,NSE,600,5
1096707,ADANIGREEN,ADANIGREEN26FEB1400PE,140000,PE,20260224,NSE,600,5
1136413,ADANIGREEN,ADANIGREEN26FEB1420CE,142000,CE,20260224,NSE,600,5
1136414,ADANIGREEN,ADANIGREEN26FEB1420PE,142000,PE,20260224,NSE,600,5
1195402,HDFCBANK,HDFCBANK26FEB560CE,56000,CE,20260224,NSE,550,5
1195403,HDFCBANK,HDFCBANK26FEB560PE,56000,PE,20260224,NSE,550,5
1189864,HDFCBANK,HDFCBANK26FEB570CE,57000,CE,20260224,NSE,550,5
1189865,HDFCBANK,HDFCBANK26FEB570PE,57000,PE,20260224,NSE,550,5
1185811,HDFCBANK,HDFCBANK26FEB580CE,58000,CE,20260224,NSE,550,5
1185812,HDFCBANK,HDFCBANK26FEB580PE,58000,PE,20260224,NSE,550,5
1183844,HDFCBANK,HDFCBANK26FEB590CE,59000,CE,20260224,NSE,550,5
1183845,HDFCBANK,HDFCBANK26FEB590PE,59000,PE,20260224,NSE,550,5
1182629,HDFCBANK,HDFCBANK26FEB600CE,60000,CE,20260224,NSE,550,5
1182630,HDFCBANK,HDFCBANK26FEB600PE,60000,PE,20260224,NSE,550,5
1182631,HDFCBANK,HDFCBANK26FEB610CE,61000,CE,20260224,NSE,550,5
1182632,HDFCBANK,HDFCBANK26FEB610PE,61000,PE,20260224,NSE,550,5
1079366,HDFCBANK,HDFCBANK26FEB620CE,62000,CE,20260224,NSE,550,5
1079367,HDFCBANK,HDFCBANK26FEB620PE,62000,PE,20260224,NSE,550,5
1148488,HDFCBANK,HDFCBANK26FEB630CE,63000,CE,20260224,NSE,550,5
1148489,HDFCBANK,HDFCBANK26FEB630PE,63000,PE,20260224,NSE,550,5
1079368,HDFCBANK,HDFCBANK26FEB640CE,64000,CE,20260224,NSE,550,5
1079369,HDFCBANK,HDFCBANK26FEB640PE,64000,PE,20260224,NSE,550,5
1148490,HDFCBANK,HDFCBANK26FEB650CE,65000,CE,20260224,NSE,550,5
1148491,HDFCBANK,HDFCBANK26FEB650PE,65000,PE,20260224,NSE,550,5
1079370,HDFCBANK,HDFCBANK26FEB660CE,66000,CE,20260224,NSE,550,5
1079371,HDFCBANK,HDFCBANK26FEB660PE,66000,PE,20260224,NSE,550,5
1148492,HDFCBANK,HDFCBANK26FEB670CE,67000,CE,20260224,NSE,550,5
1148493,HDFCBANK,HDFCBANK26FEB670PE,67000,PE,20260224,NSE,550,5
1079372,HDFCBANK,HDFCBANK26FEB680CE,68000,CE,20260224,NSE,550,5
1079373,HDFCBANK,HDFCBANK26FEB680PE,68000,PE,20260224,NSE,550,5
1148494,HDFCBANK,HDFCBANK26FEB690CE,69000,CE,20260224,NSE,550,5
1148495,HDFCBANK,HDFCBANK26FEB690PE,69000,PE,20260224,NSE,550,5
1079374,HDFCBANK,HDFCBANK26FEB700CE,70000,CE,20260224,NSE,550,5
1079375,HDFCBANK,HDFCBANK26FEB700PE,70000,PE,20260224,NSE,550,5
1148496,HDFCBANK,HDFCBANK26FEB710CE,71000,CE,20260224,NSE,550,5
1148497,HDFCBANK,HDFCBANK26FEB710PE,71000,PE,20260224,NSE,550,5
1079376,HDFCBANK,HDFCBANK26FEB720CE,72000,CE,20260224,NSE,550,5
1079377,HDFCBANK,HDFCBANK26FEB720PE,72000,PE,20260224,NSE,550,5
1148498,HDFCBANK,HDFCBANK26FEB730CE,73000,CE,20260224,NSE,550,5
1148499,HDFCBANK,HDFCBANK26FEB730PE,73000,PE,20260224,NSE,550,5
1079378,HDFCBANK,HDFCBANK26FEB740CE,74000,CE,20260224,NSE,550,5
1079379,HDFCBANK,HDFCBANK26FEB740PE,74000,PE,20260224,NSE,550,5
1189866,HDFCBANK,HDFCBANK26FEB745CE,74500,CE,20260224,NSE,550,5
1189867,HDFCBANK,HDFCBANK26FEB745PE,74500,PE,20260224,NSE,550,5
1148500,HDFCBANK,HDFCBANK26FEB750CE,75000,CE,20260224,NSE,550,5
1148501,HDFCBANK,HDFCBANK26FEB750PE,75000,PE,20260224,NSE,550,5
1186581,HDFCBANK,HDFCBANK26FEB755CE,75500,CE,20260224,NSE,550,5
1186582,HDFCBANK,HDFCBANK26FEB755PE,75500,PE,20260224,NSE,550,5
1079380,HDFCBANK,HDFCBANK26FEB760CE,76000,CE,20260224,NSE,550,5
1079381,HDFCBANK,HDFCBANK26FEB760PE,76000,PE,20260224,NSE,550,5
1185373,HDFCBANK,HDFCBANK26FEB765CE,76500,CE,20260224,NSE,550,5
1185374,HDFCBANK,HDFCBANK26FEB765PE,76500,PE,20260224,NSE,550,5
1148502,HDFCBANK,HDFCBANK26FEB770CE,77000,CE,20260224,NSE,550,5
1148503,HDFCBANK,HDFCBANK26FEB770PE,77000,PE,20260224,NSE,550,5
1183846,HDFCBANK,HDFCBANK26FEB775CE,77500,CE,20260224,NSE,550,5
1183847,HDFCBANK,HDFCBANK26FEB775PE,77500,PE,20260224,NSE,550,5
1079382,HDFCBANK,HDFCBANK26FEB780CE,78000,CE,20260224,NSE,550,5
1079383,HDFCBANK,HDFCBANK26FEB780PE,78000,PE,20260224,NSE,550,5
1182633,HDFCBANK,HDFCBANK26FEB785CE,78500,CE,20260224,NSE,550,5
1182634,HDFCBANK,HDFCBANK26FEB785PE,78500,PE,20260224,NSE,550,5
1148504,HDFCBANK,HDFCBANK26FEB790CE,79000,CE,20260224,NSE,550,5
1148505,HDFCBANK,HDFCBANK26FEB790PE,79000,PE,20260224,NSE,550,5
1182635,HDFCBANK,HDFCBANK26FEB795CE,79500,CE,20260224,NSE,550,5
1182636,HDFCBANK,HDFCBANK26FEB795PE,79500,PE,20260224,NSE,550,5
1079384,HDFCBANK,HDFCBANK26FEB800CE,80000,CE,20260224,NSE,550,5
1079385,HDFCBANK,HDFCBANK26FEB800PE,80000,PE,20260224,NSE,550,5
1181218,HDFCBANK,HDFCBANK26FEB805CE,80500,CE,20260224,NSE,550,5
1181219,HDFCBANK,HDFCBANK26FEB805PE,80500,PE,20260224,NSE,550,5
1079386,HDFCBANK,HDFCBANK26FEB810CE,81000,CE,20260224,NSE,550,5
1079387,HDFCBANK,HDFCBANK26FEB810PE,81000,PE,20260224,NSE,550,5
1148506,HDFCBANK,HDFCBANK26FEB815CE,81500,CE,20260224,NSE,550,5
1148507,HDFCBANK,HDFCBANK26FEB815PE,81500,PE,20260224,NSE,550,5
1079388,HDFCBANK,HDFCBANK26FEB820CE,82000,CE,20260224,NSE,550,5
1079389,HDFCBANK,HDFCBANK26FEB820PE,82000,PE,20260224,NSE,550,5
1148508,HDFCBANK,HDFCBANK26FEB825CE,82500,CE,20260224,NSE,550,5
1148509,HDFCBANK,HDFCBANK26FEB825PE,82500,PE,20260224,NSE,550,5
1079390,HDFCBANK,HDFCBANK26FEB830CE,83000,CE,20260224,NSE,550,5
1079391,HDFCBANK,HDFCBANK26FEB830PE,83000,PE,20260224,NSE,550,5
1148510,HDFCBANK,HDFCBANK26FEB835CE,83500,CE,20260224,NSE,550,5
1148511,HDFCBANK,HDFCBANK26FEB835PE,83500,PE,20260224,NSE,550,5
1079392,HDFCBANK,HDFCBANK26FEB840CE,84000,CE,20260224,NSE,550,5
1079393,HDFCBANK,HDFCBANK26FEB840PE,84000,PE,20260224,NSE,550,5
1148512,HDFCBANK,HDFCBANK26FEB845CE,84500,CE,20260224,NSE,550,5
1148513,HDFCBANK,HDFCBANK26FEB845PE,84500,PE,20260224,NSE,550,5
1079394,HDFCBANK,HDFCBANK26FEB850CE,85000,CE,20260224,NSE,550,5
1079395,HDFCBANK,HDFCBANK26FEB850PE,85000,PE,20260224,NSE,550,5
1148514,HDFCBANK,HDFCBANK26FEB855CE,85500,CE,20260224,NSE,550,5
1148515,HDFCBANK,HDFCBANK26FEB855PE,85500,PE,20260224,NSE,550,5
1079396,HDFCBANK,HDFCBANK26FEB860CE,86000,CE,20260224,NSE,550,5
1079397,HDFCBANK,HDFCBANK26FEB860PE,86000,PE,20260224,NSE,550,5
1148516,HDFCBANK,HDFCBANK26FEB865CE,86500,CE,20260224,NSE,550,5
1148517,HDFCBANK,HDFCBANK26FEB865PE,86500,PE,20260224,NSE,550,5
1079398,HDFCBANK,HDFCBANK26FEB870CE,87000,CE,20260224,NSE,550,5
1079399,HDFCBANK,HDFCBANK26FEB870PE,87000,PE,20260224,NSE,550,5
1148518,HDFCBANK,HDFCBANK26FEB875CE,87500,CE,20260224,NSE,550,5
1148519,HDFCBANK,HDFCBANK26FEB875PE,87500,PE,20260224,NSE,550,5
1079400,HDFCBANK,HDFCBANK26FEB880CE,88000,CE,20260224,NSE,550,5
1079401,HDFCBANK,HDFCBANK26FEB880PE,88000,PE,20260224,NSE,550,5
1148520,HDFCBANK,HDFCBANK26FEB885CE,88500,CE,20260224,NSE,550,5
1148521,HDFCBANK,HDFCBANK26FEB885PE,88500,PE,20260224,NSE,550,5
1079402,HDFCBANK,HDFCBANK26FEB890CE,89000,CE,20260224,NSE,550,5
1079403,HDFCBANK,HDFCBANK26FEB890PE,89000,PE,20260224,NSE,550,5
1148522,HDFCBANK,HDFCBANK26FEB895CE,89500,CE,20260224,NSE,550,5
1148523,HDFCBANK,HDFCBANK26FEB895PE,89500,PE,20260224,NSE,550,5
1079404,HDFCBANK,HDFCBANK26FEB900CE,90000,CE,20260224,NSE,550,5
1079405,HDFCBANK,HDFCBANK26FEB900PE,90000,PE,20260224,NSE,550,5
1148524,HDFCBANK,HDFCBANK26FEB905CE,90500,CE,20260224,NSE,550,5
1148525,HDFCBANK,HDFCBANK26FEB905PE,90500,PE,20260224,NSE,550,5
1079406,HDFCBANK,HDFCBANK26FEB910CE,91000,CE,20260224,NSE,550,5
1079407,HDFCBANK,HDFCBANK26FEB910PE,91000,PE,20260224,NSE,550,5
1148526,HDFCBANK,HDFCBANK26FEB915CE,91500,CE,20260224,NSE,550,5
1148527,HDFCBANK,HDFCBANK26FEB915PE,91500,PE,20260224,NSE,550,5
1079408,HDFCBANK,HDFCBANK26FEB920CE,92000,CE,20260224,NSE,550,5
1079409,HDFCBANK,HDFCBANK26FEB920PE,92000,PE,20260224,NSE,550,5
1148528,HDFCBANK,HDFCBANK26FEB925CE,92500,CE,20260224,NSE,550,5
1148529,HDFCBANK,HDFCBANK26FEB925PE,92500,PE,20260224,NSE,550,5
1079410,HDFCBANK,HDFCBANK26FEB930CE,93000,CE,20260224,NSE,550,5
1079411,HDFCBANK,HDFCBANK26FEB930PE,93000,PE,20260224,NSE,550,5
1148530,HDFCBANK,HDFCBANK26FEB935CE,93500,CE,20260224,NSE,550,5
1148531,HDFCBANK,HDFCBANK26FEB935PE,93500,PE,20260224,NSE,550,5
1079412,HDFCBANK,HDFCBANK26FEB940CE,94000,CE,20260224,NSE,550,5
1079413,HDFCBANK,HDFCBANK26FEB940PE,94000,PE,20260224,NSE,550,5
1148532,HDFCBANK,HDFCBANK26FEB945CE,94500,CE,20260224,NSE,550,5
1148533,HDFCBANK,HDFCBANK26FEB945PE,94500,PE,20260224,NSE,550,5
1079414,HDFCBANK,HDFCBANK26FEB950CE,95000,CE,20260224,NSE,550,5
1079415,HDFCBANK,HDFCBANK26FEB950PE,95000,PE,20260224,NSE,550,5
1148534,HDFCBANK,HDFCBANK26FEB955CE,95500,CE,20260224,NSE,550,5
1148535,HDFCBANK,HDFCBANK26FEB955PE,95500,PE,20260224,NSE,550,5
1079416,HDFCBANK,HDFCBANK26FEB960CE,96000,CE,20260224,NSE,550,5
1079417,HDFCBANK,HDFCBANK26FEB960PE,96000,PE,20260224,NSE,550,5
1148536,HDFCBANK,HDFCBANK26FEB965CE,96500,CE,20260224,NSE,550,5
1148537,HDFCBANK,HDFCBANK26FEB965PE,96500,PE,20260224,NSE,550,5
1079418,HDFCBANK,HDFCBANK26FEB970CE,97000,CE,20260224,NSE,550,5
1079419,HDFCBANK,HDFCBANK26FEB970PE,97000,PE,20260224,NSE,550,5
1148538,HDFCBANK,HDFCBANK26FEB975CE,97500,CE,20260224,NSE,550,5
1148539,HDFCBANK,HDFCBANK26FEB975PE,97500,PE,20260224,NSE,550,5
1079420,HDFCBANK,HDFCBANK26FEB980CE,98000,CE,20260224,NSE,550,5
1079421,HDFCBANK,HDFCBANK26FEB980PE,98000,PE,20260224,NSE,550,5
1148540,HDFCBANK,HDFCBANK26FEB985CE,98500,CE,20260224,NSE,550,5
1148541,HDFCBANK,HDFCBANK26FEB985PE,98500,PE,20260224,NSE,550,5
1079422,HDFCBANK,HDFCBANK26FEB990CE,99000,CE,20260224,NSE,550,5
1079423,HDFCBANK,HDFCBANK26FEB990PE,99000,PE,20260224,NSE,550,5
1148542,HDFCBANK,HDFCBANK26FEB995CE,99500,CE,20260224,NSE,550,5
1148543,HDFCBANK,HDFCBANK26FEB995PE,99500,PE,20260224,NSE,550,5
1079424,HDFCBANK,HDFCBANK26FEB1000CE,100000,CE,20260224,NSE,550,5
1079425,HDFCBANK,HDFCBANK26FEB1000PE,100000,PE,20260224,NSE,550,5
1148544,HDFCBANK,HDFCBANK26FEB1005CE,100500,CE,20260224,NSE,550,5
1148545,HDFCBANK,HDFCBANK26FEB1005PE,100500,PE,20260224,NSE,550,5
1079426,HDFCBANK,HDFCBANK26FEB1010CE,101000,CE,20260224,NSE,550,5
1079427,HDFCBANK,HDFCBANK26FEB1010PE,101000,PE,20260224,NSE,550,5
1148546,HDFCBANK,HDFCBANK26FEB1015CE,101500,CE,20260224,NSE,550,5
1148547,HDFCBANK,HDFCBANK26FEB1015PE,101500,PE,20260224,NSE,550,5
1079428,HDFCBANK,HDFCBANK26FEB1020CE,102000,CE,20260224,NSE,550,5
1079429,HDFCBANK,HDFCBANK26FEB1020PE,102000,PE,20260224,NSE,550,5
1148548,HDFCBANK,HDFCBANK26FEB1025CE,102500,CE,20260224,NSE,550,5
1148549,HDFCBANK,HDFCBANK26FEB1025PE,102500,PE,20260224,NSE,550,5
1079430,HDFCBANK,HDFCBANK26FEB1030CE,103000,CE,20260224,NSE,550,5
1079431,HDFCBANK,HDFCBANK26FEB1030PE,103000,PE,20260224,NSE,550,5
1148550,HDFCBANK,HDFCBANK26FEB1035CE,103500,CE,20260224,NSE,550,5
1148551,HDFCBANK,HDFCBANK26FEB1035PE,103500,PE,20260224,NSE,550,5
1079432,HDFCBANK,HDFCBANK26FEB1040CE,104000,CE,20260224,NSE,550,5
1079433,HDFCBANK,HDFCBANK26FEB1040PE,104000,PE,20260224,NSE,550,5
1148552,HDFCBANK,HDFCBANK26FEB1045CE,104500,CE,20260224,NSE,550,5
1148553,HDFCBANK,HDFCBANK26FEB1045PE,104500,PE,20260224,NSE,550,5
1079434,HDFCBANK,HDFCBANK26FEB1050CE,105000,CE,20260224,NSE,550,5
1079435,HDFCBANK,HDFCBANK26FEB1050PE,105000,PE,20260224,NSE,550,5
1148554,HDFCBANK,HDFCBANK26FEB1055CE,105500,CE,20260224,NSE,550,5
1148555,HDFCBANK,HDFCBANK26FEB1055PE,105500,PE,20260224,NSE,550,5
1079436,HDFCBANK,HDFCBANK26FEB1060CE,106000,CE,20260224,NSE,550,5
1079437,HDFCBANK,HDFCBANK26FEB1060PE,106000,PE,20260224,NSE,550,5
1148556,HDFCBANK,HDFCBANK26FEB1065CE,106500,CE,20260224,NSE,550,5
1148557,HDFCBANK,HDFCBANK26FEB1065PE,106500,PE,20260224,NSE,550,5
1079438,HDFCBANK,HDFCBANK26FEB1070CE,107000,CE,20260224,NSE,550,5
1079439,HDFCBANK,HDFCBANK26FEB1070PE,107000,PE,20260224,NSE,550,5
1148558,HDFCBANK,HDFCBANK26FEB1075CE,107500,CE,20260224,NSE,550,5
1148559,HDFCBANK,HDFCBANK26FEB1075PE,107500,PE,20260224,NSE,550,5
1079440,HDFCBANK,HDFCBANK26FEB1080CE,108000,CE,20260224,NSE,550,5
1079441,HDFCBANK,HDFCBANK26FEB1080PE,108000,PE,20260224,NSE,550,5
1148560,HDFCBANK,HDFCBANK26FEB1085CE,108500,CE,20260224,NSE,550,5
1148561,HDFCBANK,HDFCBANK26FEB1085PE,108500,PE,20260224,NSE,550,5
1079442,HDFCBANK,HDFCBANK26FEB1090CE,109000,CE,20260224,NSE,550,5
1079443,HDFCBANK,HDFCBANK26FEB1090PE,109000,PE,20260224,NSE,550,5
1148562,HDFCBANK,HDFCBANK26FEB1095CE,109500,CE,20260224,NSE,550,5
1148563,HDFCBANK,HDFCBANK26FEB1095PE,109500,PE,20260224,NSE,550,5
1079444,HDFCBANK,HDFCBANK26FEB1100CE,110000,CE,20260224,NSE,550,5
1079445,HDFCBANK,HDFCBANK26FEB1100PE,110000,PE,20260224,NSE,550,5
1148564,HDFCBANK,HDFCBANK26FEB1105CE,110500,CE,20260224,NSE,550,5
1148565,HDFCBANK,HDFCBANK26FEB1105PE,110500,PE,20260224,NSE,550,5
1079446,HDFCBANK,HDFCBANK26FEB1110CE,111000,CE,20260224,NSE,550,5
1079447,HDFCBANK,HDFCBANK26FEB1110PE,111000,PE,20260224,NSE,550,5
1148566,HDFCBANK,HDFCBANK26FEB1115CE,111500,CE,20260224,NSE,550,5
1148567,HDFCBANK,HDFCBANK26FEB1115PE,111500,PE,20260224,NSE,550,5
1079448,HDFCBANK,HDFCBANK26FEB1120CE,112000,CE,20260224,NSE,550,5
1079449,HDFCBANK,HDFCBANK26FEB1120PE,112000,PE,20260224,NSE,550,5
1148568,HDFCBANK,HDFCBANK26FEB1125CE,112500,CE,20260224,NSE,550,5
1148569,HDFCBANK,HDFCBANK26FEB1125PE,112500,PE,20260224,NSE,550,5
1079450,HDFCBANK,HDFCBANK26FEB1130CE,113000,CE,20260224,NSE,550,5
1079451,HDFCBANK,HDFCBANK26FEB1130PE,113000,PE,20260224,NSE,550,5
1079452,HDFCBANK,HDFCBANK26FEB1140CE,114000,CE,20260224,NSE,550,5
1079453,HDFCBANK,HDFCBANK26FEB1140PE,114000,PE,20260224,NSE,550,5
1079454,HDFCBANK,HDFCBANK26FEB1150CE,115000,CE,20260224,NSE,550,5
1079455,HDFCBANK,HDFCBANK26FEB1150PE,115000,PE,20260224,NSE,550,5
1079456,HDFCBANK,HDFCBANK26FEB1160CE,116000,CE,20260224,NSE,550,5
1079457,HDFCBANK,HDFCBANK26FEB1160PE,116000,PE,20260224,NSE,550,5
1079458,HDFCBANK,HDFCBANK26FEB1170CE,117000,CE,20260224,NSE,550,5
1079459,HDFCBANK,HDFCBANK26FEB1170PE,117000,PE,20260224,NSE,550,5
1079460,HDFCBANK,HDFCBANK26FEB1180CE,118000,CE,20260224,NSE,550,5
1079461,HDFCBANK,HDFCBANK26FEB1180PE,118000,PE,20260224,NSE,550,5
1098254,HDFCBANK,HDFCBANK26FEB1190CE,119000,CE,20260224,NSE,550,5
1098255,HDFCBANK,HDFCBANK26FEB1190PE,119000,PE,20260224,NSE,550,5
1079462,HDFCBANK,HDFCBANK26FEB1200CE,120000,CE,20260224,NSE,550,5
1079463,HDFCBANK,HDFCBANK26FEB1200PE,120000,PE,20260224,NSE,550,5
1148578,HDFCBANK,HDFCBANK26FEB1210CE,121000,CE,20260224,NSE,550,5
1148579,HDFCBANK,HDFCBANK26FEB1210PE,121000,PE,20260224,NSE,550,5
1079464,HDFCBANK,HDFCBANK26FEB1220CE,122000,CE,20260224,NSE,550,5
1079465,HDFCBANK,HDFCBANK26FEB1220PE,122000,PE,20260224,NSE,550,5
1148580,HDFCBANK,HDFCBANK26FEB1230CE,123000,CE,20260224,NSE,550,5
1148581,HDFCBANK,HDFCBANK26FEB1230PE,123000,PE,20260224,NSE,550,5
1079466,HDFCBANK,HDFCBANK26FEB1240CE,124000,CE,20260224,NSE,550,5
1079467,HDFCBANK,HDFCBANK26FEB1240PE,124000,PE,20260224,NSE,550,5
1148582,HDFCBANK,HDFCBANK26FEB1250CE,125000,CE,20260224,NSE,550,5
1148583,HDFCBANK,HDFCBANK26FEB1250PE,125000,PE,20260224,NSE,550,5
1079468,HDFCBANK,HDFCBANK26FEB1260CE,126000,CE,20260224,NSE,550,5
1079469,HDFCBANK,HDFCBANK26FEB1260PE,126000,PE,20260224,NSE,550,5
1148584,HDFCBANK,HDFCBANK26FEB1270CE,127000,CE,20260224,NSE,550,5
1148585,HDFCBANK,HDFCBANK26FEB1270PE,127000,PE,20260224,NSE,550,5
1079470,HDFCBANK,HDFCBANK26FEB1280CE,128000,CE,20260224,NSE,550,5
1079471,HDFCBANK,HDFCBANK26FEB1280PE,128000,PE,20260224,NSE,550,5
1148586,HDFCBANK,HDFCBANK26FEB1290CE,129000,CE,20260224,NSE,550,5
1148587,HDFCBANK,HDFCBANK26FEB1290PE,129000,PE,20260224,NSE,550,5
1079472,HDFCBANK,HDFCBANK26FEB1300CE,130000,CE,20260224,NSE,550,5
1079473,HDFCBANK,HDFCBANK26FEB1300PE,130000,PE,20260224,NSE,550,5
1148588,HDFCBANK,HDFCBANK26FEB1310CE,131000,CE,20260224,NSE,550,5
1148589,HDFCBANK,HDFCBANK26FEB1310PE,131000,PE,20260224,NSE,550,5
1247197,KOTAKBANK,KOTAKBANK26FEB225CE,22500,CE,20260224,NSE,2000,5
1247198,KOTAKBANK,KOTAKBANK26FEB225PE,22500,PE,20260224,NSE,2000,5
1218496,KOTAKBANK,KOTAKBANK26FEB230CE,23000,CE,20260224,NSE,2000,5
1218497,KOTAKBANK,KOTAKBANK26FEB230PE,23000,PE,20260224,NSE,2000,5
1218498,KOTAKBANK,KOTAKBANK26FEB235CE,23500,CE,20260224,NSE,2000,5
1218499,KOTAKBANK,KOTAKBANK26FEB235PE,23500,PE,20260224,NSE,2000,5
1188094,KOTAKBANK,KOTAKBANK26FEB240CE,24000,CE,20260224,NSE,2000,5
1188095,KOTAKBANK,KOTAKBANK26FEB240PE,24000,PE,20260224,NSE,2000,5
1190120,KOTAKBANK,KOTAKBANK26FEB245CE,24500,CE,20260224,NSE,2000,5
1190121,KOTAKBANK,KOTAKBANK26FEB245PE,24500,PE,20260224,NSE,2000,5
1190122,KOTAKBANK,KOTAKBANK26FEB250CE,25000,CE,20260224,NSE,2000,5
1190123,KOTAKBANK,KOTAKBANK26FEB250PE,25000,PE,20260224,NSE,2000,5
1190124,KOTAKBANK,KOTAKBANK26FEB255CE,25500,CE,20260224,NSE,2000,5
1190125,KOTAKBANK,KOTAKBANK26FEB255PE,25500,PE,20260224,NSE,2000,5
1190126,KOTAKBANK,KOTAKBANK26FEB260CE,26000,CE,20260224,NSE,2000,5
1190127,KOTAKBANK,KOTAKBANK26FEB260PE,26000,PE,20260224,NSE,2000,5
1190128,KOTAKBANK,KOTAKBANK26FEB265CE,26500,CE,20260224,NSE,2000,5
1190129,KOTAKBANK,KOTAKBANK26FEB265PE,26500,PE,20260224,NSE,2000,5
1190130,KOTAKBANK,KOTAKBANK26FEB270CE,27000,CE,20260224,NSE,2000,5
1190131,KOTAKBANK,KOTAKBANK26FEB270PE,27000,PE,20260224,NSE,2000,5
1190132,KOTAKBANK,KOTAKBANK26FEB275CE,27500,CE,20260224,NSE,2000,5
1190133,KOTAKBANK,KOTAKBANK26FEB275PE,27500,PE,20260224,NSE,2000,5
1188182,KOTAKBANK,KOTAKBANK26FEB280CE,28000,CE,20260224,NSE,2000,5
1188183,KOTAKBANK,KOTAKBANK26FEB280PE,28000,PE,20260224,NSE,2000,5
1190134,KOTAKBANK,KOTAKBANK26FEB285CE,28500,CE,20260224,NSE,2000,5
1190135,KOTAKBANK,KOTAKBANK26FEB285PE,28500,PE,20260224,NSE,2000,5
1190136,KOTAKBANK,KOTAKBANK26FEB290CE,29000,CE,20260224,NSE,2000,5
1190137,KOTAKBANK,KOTAKBANK26FEB290PE,29000,PE,20260224,NSE,2000,5
1190138,KOTAKBANK,KOTAKBANK26FEB295CE,29500,CE,20260224,NSE,2000,5
1190139,KOTAKBANK,KOTAKBANK26FEB295PE,29500,PE,20260224,NSE,2000,5
1188096,KOTAKBANK,KOTAKBANK26FEB300CE,30000,CE,20260224,NSE,2000,5
1188097,KOTAKBANK,KOTAKBANK26FEB300PE,30000,PE,20260224,NSE,2000,5
1190140,KOTAKBANK,KOTAKBANK26FEB305CE,30500,CE,20260224,NSE,2000,5
1190141,KOTAKBANK,KOTAKBANK26FEB305PE,30500,PE,20260224,NSE,2000,5
1190142,KOTAKBANK,KOTAKBANK26FEB310CE,31000,CE,20260224,NSE,2000,5
1190143,KOTAKBANK,KOTAKBANK26FEB310PE,31000,PE,20260224,NSE,2000,5
1190144,KOTAKBANK,KOTAKBANK26FEB315CE,31500,CE,20260224,NSE,2000,5
1190145,KOTAKBANK,KOTAKBANK26FEB315PE,31500,PE,20260224,NSE,2000,5
1218500,KOTAKBANK,KOTAKBANK26FEB317.5CE,31750,CE,20260224,NSE,2000,5
1218501,KOTAKBANK,KOTAKBANK26FEB317.5PE,31750,PE,20260224,NSE,2000,5
1188112,KOTAKBANK,KOTAKBANK26FEB320CE,32000,CE,20260224,NSE,2000,5
1188113,KOTAKBANK,KOTAKBANK26FEB320PE,32000,PE,20260224,NSE,2000,5
1218502,KOTAKBANK,KOTAKBANK26FEB322.5CE,32250,CE,20260224,NSE,2000,5
1218503,KOTAKBANK,KOTAKBANK26FEB322.5PE,32250,PE,20260224,NSE,2000,5
1190146,KOTAKBANK,KOTAKBANK26FEB325CE,32500,CE,20260224,NSE,2000,5
1190147,KOTAKBANK,KOTAKBANK26FEB325PE,32500,PE,20260224,NSE,2000,5
1190837,KOTAKBANK,KOTAKBANK26FEB327.5CE,32750,CE,20260224,NSE,2000,5
1190838,KOTAKBANK,KOTAKBANK26FEB327.5PE,32750,PE,20260224,NSE,2000,5
1190148,KOTAKBANK,KOTAKBANK26FEB330CE,33000,CE,20260224,NSE,2000,5
1190149,KOTAKBANK,KOTAKBANK26FEB330PE,33000,PE,20260224,NSE,2000,5
1190150,KOTAKBANK,KOTAKBANK26FEB332.5CE,33250,CE,20260224,NSE,2000,5
1190151,KOTAKBANK,KOTAKBANK26FEB332.5PE,33250,PE,20260224,NSE,2000,5
1190152,KOTAKBANK,KOTAKBANK26FEB335CE,33500,CE,20260224,NSE,2000,5
1190153,KOTAKBANK,KOTAKBANK26FEB335PE,33500,PE,20260224,NSE,2000,5
1190154,KOTAKBANK,KOTAKBANK26FEB337.5CE,33750,CE,20260224,NSE,2000,5
1190155,KOTAKBANK,KOTAKBANK26FEB337.5PE,33750,PE,20260224,NSE,2000,5
1188194,KOTAKBANK,KOTAKBANK26FEB340CE,34000,CE,20260224,NSE,2000,5
1188195,KOTAKBANK,KOTAKBANK26FEB340PE,34000,PE,20260224,NSE,2000,5
1190156,KOTAKBANK,KOTAKBANK26FEB342.5CE,34250,CE,20260224,NSE,2000,5
1190157,KOTAKBANK,KOTAKBANK26FEB342.5PE,34250,PE,20260224,NSE,2000,5
1190158,KOTAKBANK,KOTAKBANK26FEB345CE,34500,CE,20260224,NSE,2000,5
1190159,KOTAKBANK,KOTAKBANK26FEB345PE,34500,PE,20260224,NSE,2000,5
1190160,KOTAKBANK,KOTAKBANK26FEB347.5CE,34750,CE,20260224,NSE,2000,5
1190161,KOTAKBANK,KOTAKBANK26FEB347.5PE,34750,PE,20260224,NSE,2000,5
1190162,KOTAKBANK,KOTAKBANK26FEB350CE,35000,CE,20260224,NSE,2000,5
1190163,KOTAKBANK,KOTAKBANK26FEB350PE,35000,PE,20260224,NSE,2000,5
1190164,KOTAKBANK,KOTAKBANK26FEB352.5CE,35250,CE,20260224,NSE,2000,5
1190165,KOTAKBANK,KOTAKBANK26FEB352.5PE,35250,PE,20260224,NSE,2000,5
1190166,KOTAKBANK,KOTAKBANK26FEB355CE,35500,CE,20260224,NSE,2000,5
1190167,KOTAKBANK,KOTAKBANK26FEB355PE,35500,PE,20260224,NSE,2000,5
1190168,KOTAKBANK,KOTAKBANK26FEB357.5CE,35750,CE,20260224,NSE,2000,5
1190169,KOTAKBANK,KOTAKBANK26FEB357.5PE,35750,PE,20260224,NSE,2000,5
1188122,KOTAKBANK,KOTAKBANK26FEB360CE,36000,CE,20260224,NSE,2000,5
1188123,KOTAKBANK,KOTAKBANK26FEB360PE,36000,PE,20260224,NSE,2000,5
1190170,KOTAKBANK,KOTAKBANK26FEB362.5CE,36250,CE,20260224,NSE,2000,5
1190171,KOTAKBANK,KOTAKBANK26FEB362.5PE,36250,PE,20260224,NSE,2000,5
1190172,KOTAKBANK,KOTAKBANK26FEB365CE,36500,CE,20260224,NSE,2000,5
1190173,KOTAKBANK,KOTAKBANK26FEB365PE,36500,PE,20260224,NSE,2000,5
1190174,KOTAKBANK,KOTAKBANK26FEB367.5CE,36750,CE,20260224,NSE,2000,5
1190175,KOTAKBANK,KOTAKBANK26FEB367.5PE,36750,PE,20260224,NSE,2000,5
1188125,KOTAKBANK,KOTAKBANK26FEB368PE,36800,PE,20260224,NSE,2000,5
1190176,KOTAKBANK,KOTAKBANK26FEB370CE,37000,CE,20260224,NSE,2000,5
1190177,KOTAKBANK,KOTAKBANK26FEB370PE,37000,PE,20260224,NSE,2000,5
1190178,KOTAKBANK,KOTAKBANK26FEB372.5CE,37250,CE,20260224,NSE,2000,5
1190179,KOTAKBANK,KOTAKBANK26FEB372.5PE,37250,PE,20260224,NSE,2000,5
1190180,KOTAKBANK,KOTAKBANK26FEB375CE,37500,CE,20260224,NSE,2000,5
1190181,KOTAKBANK,KOTAKBANK26FEB375PE,37500,PE,20260224,NSE,2000,5
1188126,KOTAKBANK,KOTAKBANK26FEB376CE,37600,CE,20260224,NSE,2000,5
1188127,KOTAKBANK,KOTAKBANK26FEB376PE,37600,PE,20260224,NSE,2000,5
1190182,KOTAKBANK,KOTAKBANK26FEB377.5CE,37750,CE,20260224,NSE,2000,5
1190183,KOTAKBANK,KOTAKBANK26FEB377.5PE,37750,PE,20260224,NSE,2000,5
1188204,KOTAKBANK,KOTAKBANK26FEB380CE,38000,CE,20260224,NSE,2000,5
1188205,KOTAKBANK,KOTAKBANK26FEB380PE,38000,PE,20260224,NSE,2000,5
1190184,KOTAKBANK,KOTAKBANK26FEB382.5CE,38250,CE,20260224,NSE,2000,5
1190185,KOTAKBANK,KOTAKBANK26FEB382.5PE,38250,PE,20260224,NSE,2000,5
1188128,KOTAKBANK,KOTAKBANK26FEB384CE,38400,CE,20260224,NSE,2000,5
1188129,KOTAKBANK,KOTAKBANK26FEB384PE,38400,PE,20260224,NSE,2000,5
1190186,KOTAKBANK,KOTAKBANK26FEB385CE,38500,CE,20260224,NSE,2000,5
1190187,KOTAKBANK,KOTAKBANK26FEB385PE,38500,PE,20260224,NSE,2000,5
1190188,KOTAKBANK,KOTAKBANK26FEB387.5CE,38750,CE,20260224,NSE,2000,5
1190189,KOTAKBANK,KOTAKBANK26FEB387.5PE,38750,PE,20260224,NSE,2000,5
1188206,KOTAKBANK,KOTAKBANK26FEB388CE,38800,CE,20260224,NSE,2000,5
1188207,KOTAKBANK,KOTAKBANK26FEB388PE,38800,PE,20260224,NSE,2000,5
1190190,KOTAKBANK,KOTAKBANK26FEB390CE,39000,CE,20260224,NSE,2000,5
1190191,KOTAKBANK,KOTAKBANK26FEB390PE,39000,PE,20260224,NSE,2000,5
1188130,KOTAKBANK,KOTAKBANK26FEB392CE,39200,CE,20260224,NSE,2000,5
1188131,KOTAKBANK,KOTAKBANK26FEB392PE,39200,PE,20260224,NSE,2000,5
1190192,KOTAKBANK,KOTAKBANK26FEB392.5CE,39250,CE,20260224,NSE,2000,5
1190193,KOTAKBANK,KOTAKBANK26FEB392.5PE,39250,PE,20260224,NSE,2000,5
1190194,KOTAKBANK,KOTAKBANK26FEB395CE,39500,CE,20260224,NSE,2000,5
1190195,KOTAKBANK,KOTAKBANK26FEB395PE,39500,PE,20260224,NSE,2000,5
1188209,KOTAKBANK,KOTAKBANK26FEB396PE,39600,PE,20260224,NSE,2000,5
1190196,KOTAKBANK,KOTAKBANK26FEB397.5CE,39750,CE,20260224,NSE,2000,5
1190197,KOTAKBANK,KOTAKBANK26FEB397.5PE,39750,PE,20260224,NSE,2000,5
1188132,KOTAKBANK,KOTAKBANK26FEB400CE,40000,CE,20260224,NSE,2000,5
1188133,KOTAKBANK,KOTAKBANK26FEB400PE,40000,PE,20260224,NSE,2000,5
1190198,KOTAKBANK,KOTAKBANK26FEB402.5CE,40250,CE,20260224,NSE,2000,5
1190199,KOTAKBANK,KOTAKBANK26FEB402.5PE,40250,PE,20260224,NSE,2000,5
1188210,KOTAKBANK,KOTAKBANK26FEB404CE,40400,CE,20260224,NSE,2000,5
1188211,KOTAKBANK,KOTAKBANK26FEB404PE,40400,PE,20260224,NSE,2000,5
1190200,KOTAKBANK,KOTAKBANK26FEB405CE,40500,CE,20260224,NSE,2000,5
1190201,KOTAKBANK,KOTAKBANK26FEB405PE,40500,PE,20260224,NSE,2000,5
1190202,KOTAKBANK,KOTAKBANK26FEB407.5CE,40750,CE,20260224,NSE,2000,5
1190203,KOTAKBANK,KOTAKBANK26FEB407.5PE,40750,PE,20260224,NSE,2000,5
1188134,KOTAKBANK,KOTAKBANK26FEB408CE,40800,CE,20260224,NSE,2000,5
1188135,KOTAKBANK,KOTAKBANK26FEB408PE,40800,PE,20260224,NSE,2000,5
1190204,KOTAKBANK,KOTAKBANK26FEB410CE,41000,CE,20260224,NSE,2000,5
1190205,KOTAKBANK,KOTAKBANK26FEB410PE,41000,PE,20260224,NSE,2000,5
1188212,KOTAKBANK,KOTAKBANK26FEB412CE,41200,CE,20260224,NSE,2000,5
1188213,KOTAKBANK,KOTAKBANK26FEB412PE,41200,PE,20260224,NSE,2000,5
1190206,KOTAKBANK,KOTAKBANK26FEB412.5CE,41250,CE,20260224,NSE,2000,5
1190207,KOTAKBANK,KOTAKBANK26FEB412.5PE,41250,PE,20260224,NSE,2000,5
1190208,KOTAKBANK,KOTAKBANK26FEB415CE,41500,CE,20260224,NSE,2000,5
1190209,KOTAKBANK,KOTAKBANK26FEB415PE,41500,PE,20260224,NSE,2000,5
1188136,KOTAKBANK,KOTAKBANK26FEB416CE,41600,CE,20260224,NSE,2000,5
1188137,KOTAKBANK,KOTAKBANK26FEB416PE,41600,PE,20260224,NSE,2000,5
1190210,KOTAKBANK,KOTAKBANK26FEB417.5CE,41750,CE,20260224,NSE,2000,5
1190211,KOTAKBANK,KOTAKBANK26FEB417.5PE,41750,PE,20260224,NSE,2000,5
1188214,KOTAKBANK,KOTAKBANK26FEB420CE,42000,CE,20260224,NSE,2000,5
1188215,KOTAKBANK,KOTAKBANK26FEB420PE,42000,PE,20260224,NSE,2000,5
1190212,KOTAKBANK,KOTAKBANK26FEB422.5CE,42250,CE,20260224,NSE,2000,5
1190213,KOTAKBANK,KOTAKBANK26FEB422.5PE,42250,PE,20260224,NSE,2000,5
1188138,KOTAKBANK,KOTAKBANK26FEB424CE,42400,CE,20260224,NSE,2000,5
1188139,KOTAKBANK,KOTAKBANK26FEB424PE,42400,PE,20260224,NSE,2000,5
1190214,KOTAKBANK,KOTAKBANK26FEB425CE,42500,CE,20260224,NSE,2000,5
1190215,KOTAKBANK,KOTAKBANK26FEB425PE,42500,PE,20260224,NSE,2000,5
1190216,KOTAKBANK,KOTAKBANK26FEB427.5CE,42750,CE,20260224,NSE,2000,5
1190217,KOTAKBANK,KOTAKBANK26FEB427.5PE,42750,PE,20260224,NSE,2000,5
1188216,KOTAKBANK,KOTAKBANK26FEB428CE,42800,CE,20260224,NSE,2000,5
1188217,KOTAKBANK,KOTAKBANK26FEB428PE,42800,PE,20260224,NSE,2000,5
1190218,KOTAKBANK,KOTAKBANK26FEB430CE,43000,CE,20260224,NSE,2000,5
1190219,KOTAKBANK,KOTAKBANK26FEB430PE,43000,PE,20260224,NSE,2000,5
1188140,KOTAKBANK,KOTAKBANK26FEB432CE,43200,CE,20260224,NSE,2000,5
1188141,KOTAKBANK,KOTAKBANK26FEB432PE,43200,PE,20260224,NSE,2000,5
1190220,KOTAKBANK,KOTAKBANK26FEB432.5CE,43250,CE,20260224,NSE,2000,5
1190221,KOTAKBANK,KOTAKBANK26FEB432.5PE,43250,PE,20260224,NSE,2000,5
1190222,KOTAKBANK,KOTAKBANK26FEB435CE,43500,CE,20260224,NSE,2000,5
1190223,KOTAKBANK,KOTAKBANK26FEB435PE,43500,PE,20260224,NSE,2000,5
1188218,KOTAKBANK,KOTAKBANK26FEB436CE,43600,CE,20260224,NSE,2000,5
1188219,KOTAKBANK,KOTAKBANK26FEB436PE,43600,PE,20260224,NSE,2000,5
1190224,KOTAKBANK,KOTAKBANK26FEB437.5CE,43750,CE,20260224,NSE,2000,5
1190225,KOTAKBANK,KOTAKBANK26FEB437.5PE,43750,PE,20260224,NSE,2000,5
1188142,KOTAKBANK,KOTAKBANK26FEB440CE,44000,CE,20260224,NSE,2000,5
1188143,KOTAKBANK,KOTAKBANK26FEB440PE,44000,PE,20260224,NSE,2000,5
1190226,KOTAKBANK,KOTAKBANK26FEB442.5CE,44250,CE,20260224,NSE,2000,5
1190227,KOTAKBANK,KOTAKBANK26FEB442.5PE,44250,PE,20260224,NSE,2000,5
1188220,KOTAKBANK,KOTAKBANK26FEB444CE,44400,CE,20260224,NSE,2000,5
1190228,KOTAKBANK,KOTAKBANK26FEB445CE,44500,CE,20260224,NSE,2000,5
1190229,KOTAKBANK,KOTAKBANK26FEB445PE,44500,PE,20260224,NSE,2000,5
1190230,KOTAKBANK,KOTAKBANK26FEB447.5CE,44750,CE,20260224,NSE,2000,5
1190231,KOTAKBANK,KOTAKBANK26FEB447.5PE,44750,PE,20260224,NSE,2000,5
1188144,KOTAKBANK,KOTAKBANK26FEB448CE,44800,CE,20260224,NSE,2000,5
1188145,KOTAKBANK,KOTAKBANK26FEB448PE,44800,PE,20260224,NSE,2000,5
1190232,KOTAKBANK,KOTAKBANK26FEB450CE,45000,CE,20260224,NSE,2000,5
1190233,KOTAKBANK,KOTAKBANK26FEB450PE,45000,PE,20260224,NSE,2000,5
1188222,KOTAKBANK,KOTAKBANK26FEB452CE,45200,CE,20260224,NSE,2000,5
1190234,KOTAKBANK,KOTAKBANK26FEB452.5CE,45250,CE,20260224,NSE,2000,5
1190235,KOTAKBANK,KOTAKBANK26FEB452.5PE,45250,PE,20260224,NSE,2000,5
1190236,KOTAKBANK,KOTAKBANK26FEB455CE,45500,CE,20260224,NSE,2000,5
1190237,KOTAKBANK,KOTAKBANK26FEB455PE,45500,PE,20260224,NSE,2000,5
1188146,KOTAKBANK,KOTAKBANK26FEB456CE,45600,CE,20260224,NSE,2000,5
1188147,KOTAKBANK,KOTAKBANK26FEB456PE,45600,PE,20260224,NSE,2000,5
1190238,KOTAKBANK,KOTAKBANK26FEB457.5CE,45750,CE,20260224,NSE,2000,5
1190239,KOTAKBANK,KOTAKBANK26FEB457.5PE,45750,PE,20260224,NSE,2000,5
1188224,KOTAKBANK,KOTAKBANK26FEB460CE,46000,CE,20260224,NSE,2000,5
1188225,KOTAKBANK,KOTAKBANK26FEB460PE,46000,PE,20260224,NSE,2000,5
1190240,KOTAKBANK,KOTAKBANK26FEB462.5CE,46250,CE,20260224,NSE,2000,5
1190241,KOTAKBANK,KOTAKBANK26FEB462.5PE,46250,PE,20260224,NSE,2000,5
1188148,KOTAKBANK,KOTAKBANK26FEB464CE,46400,CE,20260224,NSE,2000,5
1190242,KOTAKBANK,KOTAKBANK26FEB465CE,46500,CE,20260224,NSE,2000,5
1190243,KOTAKBANK,KOTAKBANK26FEB465PE,46500,PE,20260224,NSE,2000,5
1190244,KOTAKBANK,KOTAKBANK26FEB467.5CE,46750,CE,20260224,NSE,2000,5
1190245,KOTAKBANK,KOTAKBANK26FEB467.5PE,46750,PE,20260224,NSE,2000,5
1188226,KOTAKBANK,KOTAKBANK26FEB468CE,46800,CE,20260224,NSE,2000,5
1190246,KOTAKBANK,KOTAKBANK26FEB470CE,47000,CE,20260224,NSE,2000,5
1190247,KOTAKBANK,KOTAKBANK26FEB470PE,47000,PE,20260224,NSE,2000,5
1190248,KOTAKBANK,KOTAKBANK26FEB472.5CE,47250,CE,20260224,NSE,2000,5
1190249,KOTAKBANK,KOTAKBANK26FEB472.5PE,47250,PE,20260224,NSE,2000,5
1190250,KOTAKBANK,KOTAKBANK26FEB475CE,47500,CE,20260224,NSE,2000,5
1190251,KOTAKBANK,KOTAKBANK26FEB475PE,47500,PE,20260224,NSE,2000,5
1188228,KOTAKBANK,KOTAKBANK26FEB476CE,47600,CE,20260224,NSE,2000,5
1190252,KOTAKBANK,KOTAKBANK26FEB477.5CE,47750,CE,20260224,NSE,2000,5
1190253,KOTAKBANK,KOTAKBANK26FEB477.5PE,47750,PE,20260224,NSE,2000,5
1188152,KOTAKBANK,KOTAKBANK26FEB480CE,48000,CE,20260224,NSE,2000,5
1188153,KOTAKBANK,KOTAKBANK26FEB480PE,48000,PE,20260224,NSE,2000,5
1190254,KOTAKBANK,KOTAKBANK26FEB482.5CE,48250,CE,20260224,NSE,2000,5
1190255,KOTAKBANK,KOTAKBANK26FEB482.5PE,48250,PE,20260224,NSE,2000,5
1188230,KOTAKBANK,KOTAKBANK26FEB484CE,48400,CE,20260224,NSE,2000,5
1190256,KOTAKBANK,KOTAKBANK26FEB485CE,48500,CE,20260224,NSE,2000,5
1190257,KOTAKBANK,KOTAKBANK26FEB485PE,48500,PE,20260224,NSE,2000,5
1190258,KOTAKBANK,KOTAKBANK26FEB487.5CE,48750,CE,20260224,NSE,2000,5
1190259,KOTAKBANK,KOTAKBANK26FEB487.5PE,48750,PE,20260224,NSE,2000,5
1188154,KOTAKBANK,KOTAKBANK26FEB488CE,48800,CE,20260224,NSE,2000,5
1190260,KOTAKBANK,KOTAKBANK26FEB490CE,49000,CE,20260224,NSE,2000,5
1190261,KOTAKBANK,KOTAKBANK26FEB490PE,49000,PE,20260224,NSE,2000,5
1190262,KOTAKBANK,KOTAKBANK26FEB492.5CE,49250,CE,20260224,NSE,2000,5
1190263,KOTAKBANK,KOTAKBANK26FEB492.5PE,49250,PE,20260224,NSE,2000,5
1190264,KOTAKBANK,KOTAKBANK26FEB495CE,49500,CE,20260224,NSE,2000,5
1190265,KOTAKBANK,KOTAKBANK26FEB495PE,49500,PE,20260224,NSE,2000,5
1188156,KOTAKBANK,KOTAKBANK26FEB496CE,49600,CE,20260224,NSE,2000,5
1190266,KOTAKBANK,KOTAKBANK26FEB497.5CE,49750,CE,20260224,NSE,2000,5
1190267,KOTAKBANK,KOTAKBANK26FEB497.5PE,49750,PE,20260224,NSE,2000,5
1188234,KOTAKBANK,KOTAKBANK26FEB500CE,50000,CE,20260224,NSE,2000,5
1188235,KOTAKBANK,KOTAKBANK26FEB500PE,50000,PE,20260224,NSE,2000,5
1190268,KOTAKBANK,KOTAKBANK26FEB502.5CE,50250,CE,20260224,NSE,2000,5
1190269,KOTAKBANK,KOTAKBANK26FEB502.5PE,50250,PE,20260224,NSE,2000,5
1190270,KOTAKBANK,KOTAKBANK26FEB505CE,50500,CE,20260224,NSE,2000,5
1190271,KOTAKBANK,KOTAKBANK26FEB505PE,50500,PE,20260224,NSE,2000,5
1190274,KOTAKBANK,KOTAKBANK26FEB510CE,51000,CE,20260224,NSE,2000,5
1190275,KOTAKBANK,KOTAKBANK26FEB510PE,51000,PE,20260224,NSE,2000,5
1190276,KOTAKBANK,KOTAKBANK26FEB515CE,51500,CE,20260224,NSE,2000,5
1190277,KOTAKBANK,KOTAKBANK26FEB515PE,51500,PE,20260224,NSE,2000,5
1188162,KOTAKBANK,KOTAKBANK26FEB520CE,52000,CE,20260224,NSE,2000,5
1188163,KOTAKBANK,KOTAKBANK26FEB520PE,52000,PE,20260224,NSE,2000,5
1190278,KOTAKBANK,KOTAKBANK26FEB525CE,52500,CE,20260224,NSE,2000,5
1190279,KOTAKBANK,KOTAKBANK26FEB525PE,52500,PE,20260224,NSE,2000,5
1190280,KOTAKBANK,KOTAKBANK26FEB530CE,53000,CE,20260224,NSE,2000,5
1190281,KOTAKBANK,KOTAKBANK26FEB530PE,53000,PE,20260224,NSE,2000,5
1190282,KOTAKBANK,KOTAKBANK26FEB535CE,53500,CE,20260224,NSE,2000,5
1190283,KOTAKBANK,KOTAKBANK26FEB535PE,53500,PE,20260224,NSE,2000,5
1188244,KOTAKBANK,KOTAKBANK26FEB540CE,54000,CE,20260224,NSE,2000,5
1188245,KOTAKBANK,KOTAKBANK26FEB540PE,54000,PE,20260224,NSE,2000,5
1190284,KOTAKBANK,KOTAKBANK26FEB545CE,54500,CE,20260224,NSE,2000,5
1190285,KOTAKBANK,KOTAKBANK26FEB545PE,54500,PE,20260224,NSE,2000,5
1190286,KOTAKBANK,KOTAKBANK26FEB550CE,55000,CE,20260224,NSE,2000,5
1190287,KOTAKBANK,KOTAKBANK26FEB550PE,55000,PE,20260224,NSE,2000,5
1190288,KOTAKBANK,KOTAKBANK26FEB555CE,55500,CE,20260224,NSE,2000,5
1190289,KOTAKBANK,KOTAKBANK26FEB555PE,55500,PE,20260224,NSE,2000,5
1188170,KOTAKBANK,KOTAKBANK26FEB560CE,56000,CE,20260224,NSE,2000,5
1188171,KOTAKBANK,KOTAKBANK26FEB560PE,56000,PE,20260224,NSE,2000,5
1190290,KOTAKBANK,KOTAKBANK26FEB565CE,56500,CE,20260224,NSE,2000,5
1190291,KOTAKBANK,KOTAKBANK26FEB565PE,56500,PE,20260224,NSE,2000,5
1190292,KOTAKBANK,KOTAKBANK26FEB570CE,57000,CE,20260224,NSE,2000,5
1190293,KOTAKBANK,KOTAKBANK26FEB570PE,57000,PE,20260224,NSE,2000,5
1190294,KOTAKBANK,KOTAKBANK26FEB575CE,57500,CE,20260224,NSE,2000,5
1190295,KOTAKBANK,KOTAKBANK26FEB575PE,57500,PE,20260224,NSE,2000,5
1190296,KOTAKBANK,KOTAKBANK26FEB580CE,58000,CE,20260224,NSE,2000,5
1190297,KOTAKBANK,KOTAKBANK26FEB580PE,58000,PE,20260224,NSE,2000,5
1190298,KOTAKBANK,KOTAKBANK26FEB585CE,58500,CE,20260224,NSE,2000,5
1190299,KOTAKBANK,KOTAKBANK26FEB585PE,58500,PE,20260224,NSE,2000,5
1190300,KOTAKBANK,KOTAKBANK26FEB590CE,59000,CE,20260224,NSE,2000,5
1190301,KOTAKBANK,KOTAKBANK26FEB590PE,59000,PE,20260224,NSE,2000,5
1190302,KOTAKBANK,KOTAKBANK26FEB595CE,59500,CE,20260224,NSE,2000,5
1190303,KOTAKBANK,KOTAKBANK26FEB595PE,59500,PE,20260224,NSE,2000,5
1247445,RELIANCE,RELIANCE26FEB620CE,62000,CE,20260224,NSE,500,5
1247446,RELIANCE,RELIANCE26FEB620PE,62000,PE,20260224,NSE,500,5
1247447,RELIANCE,RELIANCE26FEB640CE,64000,CE,20260224,NSE,500,5
1247448,RELIANCE,RELIANCE26FEB640PE,64000,PE,20260224,NSE,500,5
1198080,RELIANCE,RELIANCE26FEB660CE,66000,CE,20260224,NSE,500,5
1198081,RELIANCE,RELIANCE26FEB660PE,66000,PE,20260224,NSE,500,5
1193695,RELIANCE,RELIANCE26FEB680CE,68000,CE,20260224,NSE,500,5
1193696,RELIANCE,RELIANCE26FEB680PE,68000,PE,20260224,NSE,500,5
1191735,RELIANCE,RELIANCE26FEB700CE,70000,CE,20260224,NSE,500,5
1191736,RELIANCE,RELIANCE26FEB700PE,70000,PE,20260224,NSE,500,5
1191737,RELIANCE,RELIANCE26FEB720CE,72000,CE,20260224,NSE,500,5
1191738,RELIANCE,RELIANCE26FEB720PE,72000,PE,20260224,NSE,500,5
1188446,RELIANCE,RELIANCE26FEB740CE,74000,CE,20260224,NSE,500,5
1188447,RELIANCE,RELIANCE26FEB740PE,74000,PE,20260224,NSE,500,5
1185561,RELIANCE,RELIANCE26FEB760CE,76000,CE,20260224,NSE,500,5
1185562,RELIANCE,RELIANCE26FEB760PE,76000,PE,20260224,NSE,500,5
1182931,RELIANCE,RELIANCE26FEB780CE,78000,CE,20260224,NSE,500,5
1182932,RELIANCE,RELIANCE26FEB780PE,78000,PE,20260224,NSE,500,5
1182933,RELIANCE,RELIANCE26FEB800CE,80000,CE,20260224,NSE,500,5
1182934,RELIANCE,RELIANCE26FEB800PE,80000,PE,20260224,NSE,500,5
1165648,RELIANCE,RELIANCE26FEB820CE,82000,CE,20260224,NSE,500,5
1165649,RELIANCE,RELIANCE26FEB820PE,82000,PE,20260224,NSE,500,5
1165650,RELIANCE,RELIANCE26FEB840CE,84000,CE,20260224,NSE,500,5
1165651,RELIANCE,RELIANCE26FEB840PE,84000,PE,20260224,NSE,500,5
1165652,RELIANCE,RELIANCE26FEB860CE,86000,CE,20260224,NSE,500,5
1165653,RELIANCE,RELIANCE26FEB860PE,86000,PE,20260224,NSE,500,5
1165654,RELIANCE,RELIANCE26FEB880CE,88000,CE,20260224,NSE,500,5
1165655,RELIANCE,RELIANCE26FEB880PE,88000,PE,20260224,NSE,500,5
1165656,RELIANCE,RELIANCE26FEB900CE,90000,CE,20260224,NSE,500,5
1165657,RELIANCE,RELIANCE26FEB900PE,90000,PE,20260224,NSE,500,5
1091300,RELIANCE,RELIANCE26FEB920CE,92000,CE,20260224,NSE,500,5
1091301,RELIANCE,RELIANCE26FEB920PE,92000,PE,20260224,NSE,500,5
1165658,RELIANCE,RELIANCE26FEB940CE,94000,CE,20260224,NSE,500,5
1165659,RELIANCE,RELIANCE26FEB940PE,94000,PE,20260224,NSE,500,5
1091302,RELIANCE,RELIANCE26FEB960CE,96000,CE,20260224,NSE,500,5
1091303,RELIANCE,RELIANCE26FEB960PE,96000,PE,20260224,NSE,500,5
1165660,RELIANCE,RELIANCE26FEB980CE,98000,CE,20260224,NSE,500,5
1165661,RELIANCE,RELIANCE26FEB980PE,98000,PE,20260224,NSE,500,5
1247449,RELIANCE,RELIANCE26FEB990CE,99000,CE,20260224,NSE,500,5
1247450,RELIANCE,RELIANCE26FEB990PE,99000,PE,20260224,NSE,500,5
1091304,RELIANCE,RELIANCE26FEB1000CE,100000,CE,20260224,NSE,500,5
1091305,RELIANCE,RELIANCE26FEB1000PE,100000,PE,20260224,NSE,500,5
1247451,RELIANCE,RELIANCE26FEB1010CE,101000,CE,20260224,NSE,500,5
1247452,RELIANCE,RELIANCE26FEB1010PE,101000,PE,20260224,NSE,500,5
1165662,RELIANCE,RELIANCE26FEB1020CE,102000,CE,20260224,NSE,500,5
1165663,RELIANCE,RELIANCE26FEB1020PE,102000,PE,20260224,NSE,500,5
1193697,RELIANCE,RELIANCE26FEB1030CE,103000,CE,20260224,NSE,500,5
1193698,RELIANCE,RELIANCE26FEB1030PE,103000,PE,20260224,NSE,500,5
1091306,RELIANCE,RELIANCE26FEB1040CE,104000,CE,20260224,NSE,500,5
1091307,RELIANCE,RELIANCE26FEB1040PE,104000,PE,20260224,NSE,500,5
1191739,RELIANCE,RELIANCE26FEB1050CE,105000,CE,20260224,NSE,500,5
1191740,RELIANCE,RELIANCE26FEB1050PE,105000,PE,20260224,NSE,500,5
1165664,RELIANCE,RELIANCE26FEB1060CE,106000,CE,20260224,NSE,500,5
1165665,RELIANCE,RELIANCE26FEB1060PE,106000,PE,20260224,NSE,500,5
1191741,RELIANCE,RELIANCE26FEB1070CE,107000,CE,20260224,NSE,500,5
1191742,RELIANCE,RELIANCE26FEB1070PE,107000,PE,20260224,NSE,500,5
1091308,RELIANCE,RELIANCE26FEB1080CE,108000,CE,20260224,NSE,500,5
1091309,RELIANCE,RELIANCE26FEB1080PE,108000,PE,20260224,NSE,500,5
1188448,RELIANCE,RELIANCE26FEB1090CE,109000,CE,20260224,NSE,500,5
1188449,RELIANCE,RELIANCE26FEB1090PE,109000,PE,20260224,NSE,500,5
1165666,RELIANCE,RELIANCE26FEB1100CE,110000,CE,20260224,NSE,500,5
1165667,RELIANCE,RELIANCE26FEB1100PE,110000,PE,20260224,NSE,500,5
1185563,RELIANCE,RELIANCE26FEB1110CE,111000,CE,20260224,NSE,500,5
1185564,RELIANCE,RELIANCE26FEB1110PE,111000,PE,20260224,NSE,500,5
1091310,RELIANCE,RELIANCE26FEB1120CE,112000,CE,20260224,NSE,500,5
1091311,RELIANCE,RELIANCE26FEB1120PE,112000,PE,20260224,NSE,500,5
1185565,RELIANCE,RELIANCE26FEB1130CE,113000,CE,20260224,NSE,500,5
1185566,RELIANCE,RELIANCE26FEB1130PE,113000,PE,20260224,NSE,500,5
1165668,RELIANCE,RELIANCE26FEB1140CE,114000,CE,20260224,NSE,500,5
1165669,RELIANCE,RELIANCE26FEB1140PE,114000,PE,20260224,NSE,500,5
1182935,RELIANCE,RELIANCE26FEB1150CE,115000,CE,20260224,NSE,500,5
1182936,RELIANCE,RELIANCE26FEB1150PE,115000,PE,20260224,NSE,500,5
1091312,RELIANCE,RELIANCE26FEB1160CE,116000,CE,20260224,NSE,500,5
1091313,RELIANCE,RELIANCE26FEB1160PE,116000,PE,20260224,NSE,500,5
1182937,RELIANCE,RELIANCE26FEB1170CE,117000,CE,20260224,NSE,500,5
1182938,RELIANCE,RELIANCE26FEB1170PE,117000,PE,20260224,NSE,500,5
1091314,RELIANCE,RELIANCE26FEB1180CE,118000,CE,20260224,NSE,500,5
1091315,RELIANCE,RELIANCE26FEB1180PE,118000,PE,20260224,NSE,500,5
1165670,RELIANCE,RELIANCE26FEB1190CE,119000,CE,20260224,NSE,500,5
1165671,RELIANCE,RELIANCE26FEB1190PE,119000,PE,20260224,NSE,500,5
1091316,RELIANCE,RELIANCE26FEB1200CE,120000,CE,20260224,NSE,500,5
1091317,RELIANCE,RELIANCE26FEB1200PE,120000,PE,20260224,NSE,500,5
1165672,RELIANCE,RELIANCE26FEB1210CE,121000,CE,20260224,NSE,500,5
1165673,RELIANCE,RELIANCE26FEB1210PE,121000,PE,20260224,NSE,500,5
1091318,RELIANCE,RELIANCE26FEB1220CE,122000,CE,20260224,NSE,500,5
1091319,RELIANCE,RELIANCE26FEB1220PE,122000,PE,20260224,NSE,500,5
1165674,RELIANCE,RELIANCE26FEB1230CE,123000,CE,20260224,NSE,500,5
1165675,RELIANCE,RELIANCE26FEB1230PE,123000,PE,20260224,NSE,500,5
1091320,RELIANCE,RELIANCE26FEB1240CE,124000,CE,20260224,NSE,500,5
1091321,RELIANCE,RELIANCE26FEB1240PE,124000,PE,20260224,NSE,500,5
1165676,RELIANCE,RELIANCE26FEB1250CE,125000,CE,20260224,NSE,500,5
1165677,RELIANCE,RELIANCE26FEB1250PE,125000,PE,20260224,NSE,500,5
1091322,RELIANCE,RELIANCE26FEB1260CE,126000,CE,20260224,NSE,500,5
1091323,RELIANCE,RELIANCE26FEB1260PE,126000,PE,20260224,NSE,500,5
1165678,RELIANCE,RELIANCE26FEB1270CE,127000,CE,20260224,NSE,500,5
1165679,RELIANCE,RELIANCE26FEB1270PE,127000,PE,20260224,NSE,500,5
1091324,RELIANCE,RELIANCE26FEB1280CE,128000,CE,20260224,NSE,500,5
1091325,RELIANCE,RELIANCE26FEB1280PE,128000,PE,20260224,NSE,500,5
1165680,RELIANCE,RELIANCE26FEB1290CE,129000,CE,20260224,NSE,500,5
1165681,RELIANCE,RELIANCE26FEB1290PE,129000,PE,20260224,NSE,500,5
1091326,RELIANCE,RELIANCE26FEB1300CE,130000,CE,20260224,NSE,500,5
1091327,RELIANCE,RELIANCE26FEB1300PE,130000,PE,20260224,NSE,500,5
1165682,RELIANCE,RELIANCE26FEB1310CE,131000,CE,20260224,NSE,500,5
1165683,RELIANCE,RELIANCE26FEB1310PE,131000,PE,20260224,NSE,500,5
1091328,RELIANCE,RELIANCE26FEB1320CE,132000,CE,20260224,NSE,500,5
1091329,RELIANCE,RELIANCE26FEB1320PE,132000,PE,20260224,NSE,500,5
1165684,RELIANCE,RELIANCE26FEB1330CE,133000,CE,20260224,NSE,500,5
1165685,RELIANCE,RELIANCE26FEB1330PE,133000,PE,20260224,NSE,500,5
1091330,RELIANCE,RELIANCE26FEB1340CE,134000,CE,20260224,NSE,500,5
1091331,RELIANCE,RELIANCE26FEB1340PE,134000,PE,20260224,NSE,500,5
1165686,RELIANCE,RELIANCE26FEB1350CE,135000,CE,20260224,NSE,500,5
1165687,RELIANCE,RELIANCE26FEB1350PE,135000,PE,20260224,NSE,500,5
1091332,RELIANCE,RELIANCE26FEB1360CE,136000,CE,20260224,NSE,500,5
1091333,RELIANCE,RELIANCE26FEB1360PE,136000,PE,20260224,NSE,500,5
1165688,RELIANCE,RELIANCE26FEB1370CE,137000,CE,20260224,NSE,500,5
1165689,RELIANCE,RELIANCE26FEB1370PE,137000,PE,20260224,NSE,500,5
1091334,RELIANCE,RELIANCE26FEB1380CE,138000,CE,20260224,NSE,500,5
1091335,RELIANCE,RELIANCE26FEB1380PE,138000,PE,20260224,NSE,500,5
1165690,RELIANCE,RELIANCE26FEB1390CE,139000,CE,20260224,NSE,500,5
1165691,RELIANCE,RELIANCE26FEB1390PE,139000,PE,20260224,NSE,500,5
1091336,RELIANCE,RELIANCE26FEB1400CE,140000,CE,20260224,NSE,500,5
1091337,RELIANCE,RELIANCE26FEB1400PE,140000,PE,20260224,NSE,500,5
1165692,RELIANCE,RELIANCE26FEB1410CE,141000,CE,20260224,NSE,500,5
1165693,RELIANCE,RELIANCE26FEB1410PE,141000,PE,20260224,NSE,500,5
1091338,RELIANCE,RELIANCE26FEB1420CE,142000,CE,20260224,NSE,500,5
1091339,RELIANCE,RELIANCE26FEB1420PE,142000,PE,20260224,NSE,500,5
1165694,RELIANCE,RELIANCE26FEB1430CE,143000,CE,20260224,NSE,500,5
1165695,RELIANCE,RELIANCE26FEB1430PE,143000,PE,20260224,NSE,500,5
1091340,RELIANCE,RELIANCE26FEB1440CE,144000,CE,20260224,NSE,500,5
1091341,RELIANCE,RELIANCE26FEB1440PE,144000,PE,20260224,NSE,500,5
1165696,RELIANCE,RELIANCE26FEB1450CE,145000,CE,20260224,NSE,500,5
1165697,RELIANCE,RELIANCE26FEB1450PE,145000,PE,20260224,NSE,500,5
1091342,RELIANCE,RELIANCE26FEB1460CE,146000,CE,20260224,NSE,500,5
1091343,RELIANCE,RELIANCE26FEB1460PE,146000,PE,20260224,NSE,500,5
1165698,RELIANCE,RELIANCE26FEB1470CE,147000,CE,20260224,NSE,500,5
1165699,RELIANCE,RELIANCE26FEB1470PE,147000,PE,20260224,NSE,500,5
1091344,RELIANCE,RELIANCE26FEB1480CE,148000,CE,20260224,NSE,500,5
1091345,RELIANCE,RELIANCE26FEB1480PE,148000,PE,20260224,NSE,500,5
1165700,RELIANCE,RELIANCE26FEB1490CE,149000,CE,20260224,NSE,500,5
1165701,RELIANCE,RELIANCE26FEB1490PE,149000,PE,20260224,NSE,500,5
1091346,RELIANCE,RELIANCE26FEB1500CE,150000,CE,20260224,NSE,500,5
1091347,RELIANCE,RELIANCE26FEB1500PE,150000,PE,20260224,NSE,500,5
1165702,RELIANCE,RELIANCE26FEB1510CE,151000,CE,20260224,NSE,500,5
1165703,RELIANCE,RELIANCE26FEB1510PE,151000,PE,20260224,NSE,500,5
1091348,RELIANCE,RELIANCE26FEB1520CE,152000,CE,20260224,NSE,500,5
1091349,RELIANCE,RELIANCE26FEB1520PE,152000,PE,20260224,NSE,500,5
1165704,RELIANCE,RELIANCE26FEB1530CE,153000,CE,20260224,NSE,500,5
1165705,RELIANCE,RELIANCE26FEB1530PE,153000,PE,20260224,NSE,500,5
1091350,RELIANCE,RELIANCE26FEB1540CE,154000,CE,20260224,NSE,500,5
1091351,RELIANCE,RELIANCE26FEB1540PE,154000,PE,20260224,NSE,500,5
1165706,RELIANCE,RELIANCE26FEB1550CE,155000,CE,20260224,NSE,500,5
1165707,RELIANCE,RELIANCE26FEB1550PE,155000,PE,20260224,NSE,500,5
1091352,RELIANCE,RELIANCE26FEB1560CE,156000,CE,20260224,NSE,500,5
1091353,RELIANCE,RELIANCE26FEB1560PE,156000,PE,20260224,NSE,500,5
1165708,RELIANCE,RELIANCE26FEB1570CE,157000,CE,20260224,NSE,500,5
1165709,RELIANCE,RELIANCE26FEB1570PE,157000,PE,20260224,NSE,500,5
1091354,RELIANCE,RELIANCE26FEB1580CE,158000,CE,20260224,NSE,500,5
1091355,RELIANCE,RELIANCE26FEB1580PE,158000,PE,20260224,NSE,500,5
1165710,RELIANCE,RELIANCE26FEB1590CE,159000,CE,20260224,NSE,500,5
1165711,RELIANCE,RELIANCE26FEB1590PE,159000,PE,20260224,NSE,500,5
1091356,RELIANCE,RELIANCE26FEB1600CE,160000,CE,20260224,NSE,500,5
1091357,RELIANCE,RELIANCE26FEB1600PE,160000,PE,20260224,NSE,500,5
1165712,RELIANCE,RELIANCE26FEB1610CE,161000,CE,20260224,NSE,500,5
1165713,RELIANCE,RELIANCE26FEB1610PE,161000,PE,20260224,NSE,500,5
1091358,RELIANCE,RELIANCE26FEB1620CE,162000,CE,20260224,NSE,500,5
1091359,RELIANCE,RELIANCE26FEB1620PE,162000,PE,20260224,NSE,500,5
1165714,RELIANCE,RELIANCE26FEB1630CE,163000,CE,20260224,NSE,500,5
1165715,RELIANCE,RELIANCE26FEB1630PE,163000,PE,20260224,NSE,500,5
1091360,RELIANCE,RELIANCE26FEB1640CE,164000,CE,20260224,NSE,500,5
1091361,RELIANCE,RELIANCE26FEB1640PE,164000,PE,20260224,NSE,500,5
1165716,RELIANCE,RELIANCE26FEB1650CE,165000,CE,20260224,NSE,500,5
1165717,RELIANCE,RELIANCE26FEB1650PE,165000,PE,20260224,NSE,500,5
1091362,RELIANCE,RELIANCE26FEB1660CE,166000,CE,20260224,NSE,500,5
1091363,RELIANCE,RELIANCE26FEB1660PE,166000,PE,20260224,NSE,500,5
1165718,RELIANCE,RELIANCE26FEB1670CE,167000,CE,20260224,NSE,500,5
1165719,RELIANCE,RELIANCE26FEB1670PE,167000,PE,20260224,NSE,500,5
1091364,RELIANCE,RELIANCE26FEB1680CE,168000,CE,20260224,NSE,500,5
1091365,RELIANCE,RELIANCE26FEB1680PE,168000,PE,20260224,NSE,500,5
1165720,RELIANCE,RELIANCE26FEB1690CE,169000,CE,20260224,NSE,500,5
1165721,RELIANCE,RELIANCE26FEB1690PE,169000,PE,20260224,NSE,500,5
1091366,RELIANCE,RELIANCE26FEB1700CE,170000,CE,20260224,NSE,500,5
1091367,RELIANCE,RELIANCE26FEB1700PE,170000,PE,20260224,NSE,500,5
1165722,RELIANCE,RELIANCE26FEB1710CE,171000,CE,20260224,NSE,500,5
1165723,RELIANCE,RELIANCE26FEB1710PE,171000,PE,20260224,NSE,500,5
1091368,RELIANCE,RELIANCE26FEB1720CE,172000,CE,20260224,NSE,500,5
1091369,RELIANCE,RELIANCE26FEB1720PE,172000,PE,20260224,NSE,500,5
1165724,RELIANCE,RELIANCE26FEB1730CE,173000,CE,20260224,NSE,500,5
1165725,RELIANCE,RELIANCE26FEB1730PE,173000,PE,20260224,NSE,500,5
1091370,RELIANCE,RELIANCE26FEB1740CE,174000,CE,20260224,NSE,500,5
1091371,RELIANCE,RELIANCE26FEB1740PE,174000,PE,20260224,NSE,500,5
1165726,RELIANCE,RELIANCE26FEB1750CE,175000,CE,20260224,NSE,500,5
1165727,RELIANCE,RELIANCE26FEB1750PE,175000,PE,20260224,NSE,500,5
1091372,RELIANCE,RELIANCE26FEB1760CE,176000,CE,20260224,NSE,500,5
1091373,RELIANCE,RELIANCE26FEB1760PE,176000,PE,20260224,NSE,500,5
1165728,RELIANCE,RELIANCE26FEB1770CE,177000,CE,20260224,NSE,500,5
1165729,RELIANCE,RELIANCE26FEB1770PE,177000,PE,20260224,NSE,500,5
1091374,RELIANCE,RELIANCE26FEB1780CE,178000,CE,20260224,NSE,500,5
1091375,RELIANCE,RELIANCE26FEB1780PE,178000,PE,20260224,NSE,500,5
1165730,RELIANCE,RELIANCE26FEB1790CE,179000,CE,20260224,NSE,500,5
1165731,RELIANCE,RELIANCE26FEB1790PE,179000,PE,20260224,NSE,500,5
1091376,RELIANCE,RELIANCE26FEB1800CE,180000,CE,20260224,NSE,500,5
1091377,RELIANCE,RELIANCE26FEB1800PE,180000,PE,20260224,NSE,500,5
1091378,RELIANCE,RELIANCE26FEB1820CE,182000,CE,20260224,NSE,500,5
1091379,RELIANCE,RELIANCE26FEB1820PE,182000,PE,20260224,NSE,500,5
1091380,RELIANCE,RELIANCE26FEB1840CE,184000,CE,20260224,NSE,500,5
1091381,RELIANCE,RELIANCE26FEB1840PE,184000,PE,20260224,NSE,500,5
1091382,RELIANCE,RELIANCE26FEB1860CE,186000,CE,20260224,NSE,500,5
1091383,RELIANCE,RELIANCE26FEB1860PE,186000,PE,20260224,NSE,500,5
1091384,RELIANCE,RELIANCE26FEB1880CE,188000,CE,20260224,NSE,500,5
1091385,RELIANCE,RELIANCE26FEB1880PE,188000,PE,20260224,NSE,500,5
1091386,RELIANCE,RELIANCE26FEB1900CE,190000,CE,20260224,NSE,500,5
1091387,RELIANCE,RELIANCE26FEB1900PE,190000,PE,20260224,NSE,500,5
1091388,RELIANCE,RELIANCE26FEB1920CE,192000,CE,20260224,NSE,500,5
1091389,RELIANCE,RELIANCE26FEB1920PE,192000,PE,20260224,NSE,500,5
1119435,RELIANCE,RELIANCE26FEB1940CE,194000,CE,20260224,NSE,500,5
1119436,RELIANCE,RELIANCE26FEB1940PE,194000,PE,20260224,NSE,500,5
1091390,RELIANCE,RELIANCE26FEB1960CE,196000,CE,20260224,NSE,500,5
1091391,RELIANCE,RELIANCE26FEB1960PE,196000,PE,20260224,NSE,500,5
1165742,RELIANCE,RELIANCE26FEB1980CE,198000,CE,20260224,NSE,500,5
1165743,RELIANCE,RELIANCE26FEB1980PE,198000,PE,20260224,NSE,500,5
1091392,RELIANCE,RELIANCE26FEB2000CE,200000,CE,20260224,NSE,500,5
1091393,RELIANCE,RELIANCE26FEB2000PE,200000,PE,20260224,NSE,500,5
1165744,RELIANCE,RELIANCE26FEB2020CE,202000,CE,20260224,NSE,500,5
1165745,RELIANCE,RELIANCE26FEB2020PE,202000,PE,20260224,NSE,500,5
1091394,RELIANCE,RELIANCE26FEB2040CE,204000,CE,20260224,NSE,500,5
1091395,RELIANCE,RELIANCE26FEB2040PE,204000,PE,20260224,NSE,500,5
1165746,RELIANCE,RELIANCE26FEB2060CE,206000,CE,20260224,NSE,500,5
1165747,RELIANCE,RELIANCE26FEB2060PE,206000,PE,20260224,NSE,500,5
1091396,RELIANCE,RELIANCE26FEB2080CE,208000,CE,20260224,NSE,500,5
1091397,RELIANCE,RELIANCE26FEB2080PE,208000,PE,20260224,NSE,500,5
1165748,RELIANCE,RELIANCE26FEB2100CE,210000,CE,20260224,NSE,500,5
1165749,RELIANCE,RELIANCE26FEB2100PE,210000,PE,20260224,NSE,500,5
1091398,RELIANCE,RELIANCE26FEB2120CE,212000,CE,20260224,NSE,500,5
1091399,RELIANCE,RELIANCE26FEB2120PE,212000,PE,20260224,NSE,500,5
1165750,RELIANCE,RELIANCE26FEB2140CE,214000,CE,20260224,NSE,500,5
1165751,RELIANCE,RELIANCE26FEB2140PE,214000,PE,20260224,NSE,500,5
1097708,RELIANCE,RELIANCE26FEB2160CE,216000,CE,20260224,NSE,500,5
1097709,RELIANCE,RELIANCE26FEB2160PE,216000,PE,20260224,NSE,500,5
